timestamp,num_satellites,latitude,longitude,altitude,latitude_sigma,longitude_sigma,altitude_sigma,northing,easting,down,utm_zone
1403713563450477,3,51.760355,-1.260144,63.6228,6.669,6.894,17.3666,5735816.885848,620074.482912,-63.6228,30U
1403713563650670,3,51.760355,-1.260144,63.6228,6.669,6.894,17.3666,5735816.885848,620074.482912,-63.6228,30U
1403713563862287,3,51.760355,-1.260144,63.6228,6.669,6.894,17.3666,5735816.885848,620074.482912,-63.6228,30U
1403713564050796,3,51.760355,-1.260144,63.6228,6.669,6.894,17.3666,5735816.885848,620074.482912,-63.6228,30U
1403713564251026,3,51.760355,-1.260144,63.6228,6.669,6.894,17.3666,5735816.885848,620074.482912,-63.6228,30U
1403713564451699,2,51.760355,-1.260144,63.6228,6.669,6.894,17.3666,5735816.885848,620074.482912,-63.6228,30U
1403713564651755,2,51.760355,-1.260144,63.6228,6.669,6.894,17.3666,5735816.885848,620074.482912,-63.6228,30U
1403713564861059,2,51.760355,-1.260144,63.6228,6.669,6.894,17.3666,5735816.885848,620074.482912,-63.6228,30U
1403713565050161,2,51.760355,-1.260144,63.6228,6.669,6.894,17.3666,5735816.885848,620074.482912,-63.6228,30U
1403713565250789,3,51.760355,-1.260144,63.6228,6.669,6.894,17.3666,5735816.885848,620074.482912,-63.6228,30U
1403713565452419,3,51.760355,-1.260144,63.6228,6.669,6.894,17.3666,5735816.885848,620074.482912,-63.6228,30U
1403713565652231,3,51.760355,-1.260144,63.6228,6.669,6.894,17.3666,5735816.885848,620074.482912,-63.6228,30U
1403713565863488,3,51.760355,-1.260144,63.6228,6.669,6.894,17.3666,5735816.885848,620074.482912,-63.6228,30U
1403713566051107,3,51.760355,-1.260144,63.6228,6.669,6.894,17.3666,5735816.885848,620074.482912,-63.6228,30U
1403713566251165,3,51.760355,-1.260144,63.6228,6.669,6.894,17.3666,5735816.885848,620074.482912,-63.6228,30U
1403713566450829,3,51.760355,-1.260144,63.6228,6.669,6.894,17.3666,5735816.885848,620074.482912,-63.6228,30U
1403713566651262,3,51.760355,-1.260144,63.6228,6.669,6.894,17.3666,5735816.885848,620074.482912,-63.6228,30U
1403713566862274,3,51.760355,-1.260144,63.6228,6.669,6.894,17.3666,5735816.885848,620074.482912,-63.6228,30U
1403713567051256,3,51.760355,-1.260144,63.6228,6.669,6.894,17.3666,5735816.885848,620074.482912,-63.6228,30U
1403713567251614,3,51.760355,-1.260144,63.6228,6.669,6.894,17.3666,5735816.885848,620074.482912,-63.6228,30U
1403713567452795,3,51.760355,-1.260144,63.6228,6.669,6.894,17.3666,5735816.885848,620074.482912,-63.6228,30U
1403713567652336,3,51.760355,-1.260144,63.6228,6.669,6.894,17.3666,5735816.885848,620074.482912,-63.6228,30U
1403713567862055,3,51.760355,-1.260144,63.6228,6.669,6.894,17.3666,5735816.885848,620074.482912,-63.6228,30U
1403713568050885,3,51.760355,-1.260144,63.6228,6.669,6.894,17.3666,5735816.885848,620074.482912,-63.6228,30U
1403713568250447,3,51.760355,-1.260144,63.6228,6.669,6.894,17.3666,5735816.885848,620074.482912,-63.6228,30U
1403713568451121,3,51.760355,-1.260144,63.6228,6.669,6.894,17.3666,5735816.885848,620074.482912,-63.6228,30U
1403713568651090,3,51.760355,-1.260144,63.6228,6.669,6.894,17.3666,5735816.885848,620074.482912,-63.6228,30U
1403713568863706,2,51.760355,-1.260144,63.6228,6.669,6.894,17.3666,5735816.885848,620074.482912,-63.6228,30U
1403713569051327,3,51.760355,-1.260144,63.6228,6.669,6.894,17.3666,5735816.885848,620074.482912,-63.6228,30U
1403713569251242,3,51.760355,-1.260144,63.6228,6.669,6.894,17.3666,5735816.885848,620074.482912,-63.6228,30U
1403713569450619,3,51.760355,-1.260144,63.6228,6.669,6.894,17.3666,5735816.885848,620074.482912,-63.6228,30U
1403713569650507,3,51.760355,-1.260144,63.6228,6.669,6.894,17.3666,5735816.885848,620074.482912,-63.6228,30U
1403713569864758,3,51.760355,-1.260144,63.6228,6.669,6.894,17.3666,5735816.885848,620074.482912,-63.6228,30U
1403713570050671,3,51.760355,-1.260144,63.6228,6.669,6.894,17.3666,5735816.885848,620074.482912,-63.6228,30U
1403713570251394,3,51.760355,-1.260144,63.6228,6.669,6.894,17.3666,5735816.885848,620074.482912,-63.6228,30U
1403713570451040,3,51.760355,-1.260144,63.6228,6.669,6.894,17.3666,5735816.885848,620074.482912,-63.6228,30U
1403713570650771,3,51.760355,-1.260144,63.6228,6.669,6.894,17.3666,5735816.885848,620074.482912,-63.6228,30U
1403713570862022,3,51.760355,-1.260144,63.6228,6.669,6.894,17.3666,5735816.885848,620074.482912,-63.6228,30U
1403713571050549,3,51.760355,-1.260144,63.6228,6.669,6.894,17.3666,5735816.885848,620074.482912,-63.6228,30U
1403713571250439,2,51.760355,-1.260144,63.6228,6.669,6.894,17.3666,5735816.885848,620074.482912,-63.6228,30U
1403713571450761,3,51.760355,-1.260144,63.6228,6.669,6.894,17.3666,5735816.885848,620074.482912,-63.6228,30U
1403713571651051,3,51.760355,-1.260144,63.6228,6.669,6.894,17.3666,5735816.885848,620074.482912,-63.6228,30U
1403713571862709,3,51.760355,-1.260144,63.6228,6.669,6.894,17.3666,5735816.885848,620074.482912,-63.6228,30U
1403713572051815,3,51.760355,-1.260144,63.6228,6.669,6.894,17.3666,5735816.885848,620074.482912,-63.6228,30U
1403713572251256,3,51.760355,-1.260144,63.6228,6.669,6.894,17.3666,5735816.885848,620074.482912,-63.6228,30U
1403713572451614,3,51.760355,-1.260144,63.6228,6.669,6.894,17.3666,5735816.885848,620074.482912,-63.6228,30U
1403713572651308,3,51.760355,-1.260144,63.6228,6.669,6.894,17.3666,5735816.885848,620074.482912,-63.6228,30U
1403713572862144,3,51.760355,-1.260144,63.6228,6.669,6.894,17.3666,5735816.885848,620074.482912,-63.6228,30U
1403713573050564,3,51.760355,-1.260144,63.6228,6.669,6.894,17.3666,5735816.885848,620074.482912,-63.6228,30U
1403713573251383,3,51.760355,-1.260144,63.6228,6.669,6.894,17.3666,5735816.885848,620074.482912,-63.6228,30U
1403713573451332,3,51.760355,-1.260144,63.6228,6.669,6.894,17.3666,5735816.885848,620074.482912,-63.6228,30U
1403713573650838,3,51.760355,-1.260144,63.6228,6.669,6.894,17.3666,5735816.885848,620074.482912,-63.6228,30U
1403713573863636,4,51.760355,-1.260144,63.6228,6.669,6.894,17.3666,5735816.885848,620074.482912,-63.6228,30U
1403713574051732,4,51.761125,-1.260242,66.3838,6.6442,6.8306,17.3396,5735902.329555,620065.705537,-66.3838,30U
1403713574256982,4,51.761139,-1.260237,66.3313,6.6385,6.8294,17.3291,5735903.844086,620066.000878,-66.3313,30U
1403713574456669,4,51.761152,-1.260231,65.8296,6.6295,6.8271,17.314199,5735905.370624,620066.376668,-65.8296,30U
1403713574651565,3,51.761152,-1.260231,65.8296,6.6295,6.8271,17.314199,5735905.370624,620066.376668,-65.8296,30U
1403713574866645,4,51.761178,-1.260228,67.5643,3.2305,2.4898,7.6561,5735908.253037,620066.550765,-67.5643,30U
1403713575051533,3,51.761178,-1.260228,67.5643,3.2305,2.4898,7.6561,5735908.253037,620066.550765,-67.5643,30U
1403713575250427,3,51.761178,-1.260228,67.5643,3.2305,2.4898,7.6561,5735908.253037,620066.550765,-67.5643,30U
1403713575450280,3,51.761178,-1.260228,67.5643,3.2305,2.4898,7.6561,5735908.253037,620066.550765,-67.5643,30U
1403713575652073,3,51.761178,-1.260228,67.5643,3.2305,2.4898,7.6561,5735908.253037,620066.550765,-67.5643,30U
1403713575865210,3,51.761178,-1.260228,67.5643,3.2305,2.4898,7.6561,5735908.253037,620066.550765,-67.5643,30U
1403713576051067,3,51.761178,-1.260228,67.5643,3.2305,2.4898,7.6561,5735908.253037,620066.550765,-67.5643,30U
1403713576250926,4,51.761178,-1.260228,67.5643,3.2305,2.4898,7.6561,5735908.253037,620066.550765,-67.5643,30U
1403713576456534,4,51.761255,-1.260214,64.0655,7.6427,3.8363,16.180599,5735916.837356,620067.266786,-64.0655,30U
1403713576656419,3,51.761258,-1.260214,64.0942,7.7216,4.0134,16.4408,5735917.179442,620067.255003,-64.0942,30U
1403713576865648,4,51.761279,-1.26019,57.2725,7.8931,4.3795,17.0054,5735919.507931,620068.885647,-57.2725,30U
1403713577056801,3,51.761279,-1.26019,57.2725,7.8931,4.3795,17.0054,5735919.507931,620068.885647,-57.2725,30U
1403713577251219,3,51.761279,-1.26019,57.2725,7.8931,4.3795,17.0054,5735919.507931,620068.885647,-57.2725,30U
1403713577450982,3,51.761279,-1.26019,57.2725,7.8931,4.3795,17.0054,5735919.507931,620068.885647,-57.2725,30U
1403713577651524,3,51.761279,-1.26019,57.2725,7.8931,4.3795,17.0054,5735919.507931,620068.885647,-57.2725,30U
1403713577862655,3,51.761279,-1.26019,57.2725,7.8931,4.3795,17.0054,5735919.507931,620068.885647,-57.2725,30U
1403713578050790,3,51.761279,-1.26019,57.2725,7.8931,4.3795,17.0054,5735919.507931,620068.885647,-57.2725,30U
1403713578250679,4,51.761279,-1.26019,57.2725,7.8931,4.3795,17.0054,5735919.507931,620068.885647,-57.2725,30U
1403713578457176,4,51.761299,-1.260248,66.6917,6.6447,6.8207,17.3221,5735921.720397,620064.854327,-66.6917,30U
1403713578651461,4,51.761305,-1.260249,67.0798,6.6443,6.8198,17.321501,5735922.383034,620064.752969,-67.0798,30U
1403713578862587,4,51.761307,-1.260253,66.5151,6.6485,6.8202,17.327299,5735922.513979,620064.471692,-66.5151,30U
1403713579056300,4,51.761318,-1.26024,63.2902,4.5359,4.4145,11.6053,5735923.82273,620065.326697,-63.2902,30U
1403713579251309,4,51.761312,-1.260256,64.9358,2.9912,2.4967,7.3065,5735923.143888,620064.243614,-64.9358,30U
1403713579451729,4,51.761314,-1.260264,66.8146,3.0279,2.5149,7.3799,5735923.292564,620063.706992,-66.8146,30U
1403713579652554,3,51.761316,-1.260264,66.8528,3.0276,2.5145,7.3797,5735923.546791,620063.687703,-66.8528,30U
1403713579864722,4,51.761336,-1.260243,62.9764,3.0407,2.4906,7.3772,5735925.750362,620065.056359,-62.9764,30U
1403713580052160,4,51.761334,-1.260244,60.1197,3.07,2.5376,7.4654,5735925.616726,620065.027002,-60.1197,30U
1403713580252260,4,51.761342,-1.260242,61.355,3.2331,2.7835,7.9605,5735926.446135,620065.14387,-61.355,30U
1403713580451473,4,51.761339,-1.26025,61.5591,3.0823,2.5419,7.4898,5735926.171953,620064.571594,-61.5591,30U
1403713580652452,4,51.761352,-1.260236,59.5913,3.0318,2.4951,7.3662,5735927.557733,620065.54527,-59.5913,30U
1403713580863897,4,51.76135,-1.260249,62.2353,2.9767,2.483,7.2712,5735927.298805,620064.656298,-62.2353,30U
1403713581052633,4,51.761349,-1.260255,63.1212,3.0041,2.5203,7.3486,5735927.244852,620064.22849,-63.1212,30U
1403713581252444,4,51.761348,-1.26026,63.0748,2.9834,2.4984,7.2965,5735927.103342,620063.835945,-63.0748,30U
1403713581451482,4,51.761353,-1.26026,63.2172,2.9064,2.3913,7.0734,5735927.67619,620063.848533,-63.2172,30U
1403713581656422,4,51.761361,-1.260253,62.4082,2.8842,2.3764,7.0253,5735928.578636,620064.284822,-62.4082,30U
1403713581865431,4,51.761365,-1.260256,63.3048,2.9498,2.4565,7.2032,5735928.950299,620064.096377,-63.3048,30U
1403713582057472,4,51.761372,-1.260249,62.3096,2.9374,2.4539,7.1814,5735929.759149,620064.549052,-62.3096,30U
1403713582253035,4,51.761366,-1.260262,64.3207,2.9445,2.4634,7.2004,5735929.130663,620063.671038,-64.3207,30U
1403713582456294,4,51.761366,-1.260264,64.3185,2.9149,2.4095,7.1025,5735929.153419,620063.555188,-64.3185,30U
1403713582652412,5,51.76137,-1.260262,64.135,2.9041,2.3719,7.0475,5735929.512718,620063.667599,-64.135,30U
1403713582864092,4,51.761371,-1.260262,63.6392,3.016,2.5379,7.378,5735929.678441,620063.675945,-63.6392,30U
1403713583056227,5,51.761375,-1.26026,64.1981,2.9474,2.4648,7.2016,5735930.132384,620063.763453,-64.1981,30U
1403713583252693,4,51.761377,-1.260263,64.9722,2.9362,2.4611,7.1842,5735930.285329,620063.610749,-64.9722,30U
1403713583452194,4,51.761381,-1.260257,63.5375,2.9135,2.43,7.1168,5735930.824574,620064.017658,-63.5375,30U
1403713583652217,4,51.76138,-1.260263,64.4804,2.9287,2.4307,7.1412,5735930.614832,620063.568168,-64.4804,30U
1403713583864380,4,51.761381,-1.260264,65.148,2.8871,2.3885,7.0343,5735930.744718,620063.538175,-65.148,30U
1403713584057131,4,51.761382,-1.260264,65.3111,2.8359,2.3283,6.8989,5735930.852339,620063.470163,-65.3111,30U
1403713584256351,4,51.761381,-1.260267,65.9561,2.8206,2.3138,6.8609,5735930.784658,620063.286045,-65.9561,30U
1403713584456359,4,51.761381,-1.260269,66.3516,2.8186,2.3128,6.858,5735930.79821,620063.167715,-66.3516,30U
1403713584656487,4,51.761385,-1.260267,66.8139,2.8374,2.3386,6.9099,5735931.203914,620063.263131,-66.8139,30U
1403713584863789,4,51.761389,-1.260263,66.5463,2.8233,2.3147,6.8641,5735931.649032,620063.52148,-66.5463,30U
1403713585056024,5,51.761389,-1.260264,66.2338,2.8188,2.3133,6.8555,5735931.616775,620063.509901,-66.2338,30U
1403713585256386,5,51.761392,-1.260261,66.1422,2.821,2.3138,6.8601,5735931.947694,620063.705071,-66.1422,30U
1403713585456434,5,51.761394,-1.26026,65.5952,2.8129,2.2692,6.7636,5735932.179482,620063.772427,-65.5952,30U
1403713585656425,5,51.761395,-1.260259,65.731,2.8076,2.2682,6.7553,5735932.342049,620063.826913,-65.731,30U
1403713585864448,5,51.761394,-1.260264,65.8298,2.8083,2.2691,6.7576,5735932.162262,620063.462936,-65.8298,30U
1403713586056029,5,51.761392,-1.260267,66.2472,2.8022,2.2638,6.7431,5735932.000284,620063.255052,-66.2472,30U
1403713586252297,5,51.761393,-1.260262,65.7677,2.7792,2.1017,6.3912,5735932.087156,620063.598239,-65.7677,30U
1403713586452317,5,51.761391,-1.260262,66.4643,2.7778,2.0842,6.35,5735931.89732,620063.59247,-66.4643,30U
1403713586652310,5,51.761394,-1.260254,66.2708,2.7713,2.0799,6.3391,5735932.230808,620064.166576,-66.2708,30U
1403713586864361,5,51.761394,-1.260249,66.8038,2.775,2.0904,6.3628,5735932.201239,620064.481793,-66.8038,30U
1403713587052815,5,51.761395,-1.26026,65.621,2.7673,2.0643,6.3095,5735932.325693,620063.763368,-65.621,30U
1403713587256266,5,51.761396,-1.260253,65.2691,2.7677,2.0794,6.3414,5735932.458614,620064.246646,-65.2691,30U
1403713587452180,5,51.7614,-1.260256,63.7529,2.7661,2.0669,6.3104,5735932.837104,620063.982569,-63.7529,30U
1403713587652097,5,51.761403,-1.260265,62.4747,2.7531,2.0434,6.259,5735933.21941,620063.367566,-62.4747,30U
1403713587865156,5,51.761402,-1.260263,63.1404,2.7503,2.0356,6.2457,5735933.072895,620063.544372,-63.1404,30U
1403713588057505,5,51.761401,-1.260258,63.353,2.7538,2.0487,6.2739,5735933.031379,620063.896215,-63.353,30U
1403713588256925,5,51.7614,-1.260253,63.5685,2.7485,2.0118,6.1967,5735932.907138,620064.234954,-63.5685,30U
1403713588452172,5,51.761401,-1.260252,63.3841,2.7477,2.0154,6.2006,5735933.042632,620064.27879,-63.3841,30U
1403713588652183,5,51.761401,-1.260252,63.5275,2.742,1.9985,6.1671,5735932.987457,620064.283425,-63.5275,30U
1403713588864062,5,51.761399,-1.260255,64.008,2.7438,2.0085,6.1847,5735932.800046,620064.060682,-64.008,30U
1403713589057192,5,51.761401,-1.260264,62.2026,2.747,2.012,6.1913,5735933.005146,620063.44561,-62.2026,30U
1403713589256945,4,51.761399,-1.260252,63.8442,2.7884,2.2937,6.7827,5735932.738398,620064.269071,-63.8442,30U
1403713589452049,5,51.761398,-1.260252,63.5086,2.7821,2.2849,6.7642,5735932.725896,620064.280663,-63.5086,30U
1403713589651934,4,51.761398,-1.260253,63.4702,2.7813,2.2845,6.7624,5735932.645483,620064.207139,-63.4702,30U
1403713589861223,4,51.761399,-1.260252,63.4342,2.7819,2.287,6.7651,5735932.764221,620064.297487,-63.4342,30U
1403713590052629,4,51.761399,-1.260252,63.651,2.7771,2.2814,6.7517,5735932.7986,620064.317649,-63.651,30U
1403713590251940,4,51.761399,-1.260251,63.6156,2.7825,2.2888,6.7665,5735932.840659,620064.331587,-63.6156,30U
1403713590452081,4,51.761399,-1.260252,63.7677,2.7818,2.2885,6.765,5735932.794771,620064.295184,-63.7677,30U
1403713590653003,4,51.761398,-1.260253,63.9908,2.7756,2.2799,6.7468,5735932.651959,620064.190023,-63.9908,30U
1403713590864002,4,51.761397,-1.260254,64.1052,2.7789,2.2855,6.7573,5735932.592914,620064.13179,-64.1052,30U
1403713591057017,5,51.761397,-1.260255,64.1383,2.777,2.2843,6.7523,5735932.584016,620064.109966,-64.1383,30U
1403713591256664,5,51.761397,-1.260255,64.0919,2.7751,2.28,6.7453,5735932.56715,620064.073534,-64.0919,30U
1403713591457100,5,51.761398,-1.260256,63.7278,2.7657,2.2388,6.6566,5735932.619978,620063.990259,-63.7278,30U
1403713591657376,5,51.761397,-1.260256,63.9975,2.764,2.2387,6.6534,5735932.614773,620064.030286,-63.9975,30U
1403713591865916,5,51.761397,-1.260256,64.1076,2.7607,2.2339,6.6433,5735932.606376,620063.991515,-64.1076,30U
1403713592057052,5,51.761398,-1.260256,64.3155,2.7655,2.2415,6.6572,5735932.675908,620064.032373,-64.3155,30U
1403713592256553,5,51.761397,-1.260258,64.4414,2.7646,2.2421,6.6567,5735932.591189,620063.860167,-64.4414,30U
1403713592456803,5,51.761398,-1.260257,64.6429,2.7616,2.2367,6.6464,5735932.616214,620063.933643,-64.6429,30U
1403713592656768,5,51.761399,-1.260262,63.9584,2.7348,2.0752,6.3116,5735932.765881,620063.582869,-63.9584,30U
1403713592865830,5,51.761397,-1.260253,65.6209,2.7378,2.0851,6.3326,5735932.582395,620064.220915,-65.6209,30U
1403713593056928,5,51.761401,-1.260264,63.4939,2.729,2.0431,6.2472,5735932.970071,620063.435977,-63.4939,30U
1403713593256956,5,51.7614,-1.260264,63.5578,2.7328,2.0495,6.2585,5735932.871654,620063.461324,-63.5578,30U
1403713593456595,5,51.761402,-1.260265,62.8489,2.7288,2.044,6.2465,5735933.143965,620063.409556,-62.8489,30U
1403713593652706,5,51.761403,-1.260265,62.7628,2.7216,2.0303,6.217,5735933.236612,620063.378299,-62.7628,30U
1403713593865601,5,51.761404,-1.26027,62.16,2.7226,2.0189,6.1949,5735933.299529,620063.064037,-62.16,30U
1403713594057360,5,51.761402,-1.260266,62.7863,2.721,2.0287,6.2142,5735933.136795,620063.316867,-62.7863,30U
1403713594252856,5,51.761403,-1.260273,62.1553,2.7186,2.0133,6.1831,5735933.246297,620062.844832,-62.1553,30U
1403713594452883,5,51.7614,-1.26026,64.696,2.7199,2.0153,6.1864,5735932.854449,620063.710563,-64.696,30U
1403713594656469,5,51.761401,-1.260258,64.5333,2.7207,2.0068,6.1697,5735933.053856,620063.865446,-64.5333,30U
1403713594865499,5,51.761405,-1.260269,62.7838,2.7167,2.0018,6.1594,5735933.405491,620063.102536,-62.7838,30U
1403713595056574,5,51.761403,-1.260264,63.9988,2.718,1.9999,6.1551,5735933.22273,620063.467157,-63.9988,30U
1403713595256792,5,51.761405,-1.260273,62.8557,2.7112,1.9715,6.0967,5735933.401164,620062.833518,-62.8557,30U
1403713595452800,5,51.761406,-1.260273,62.2949,2.7148,1.9938,6.1409,5735933.512011,620062.783731,-62.2949,30U
1403713595652758,5,51.761405,-1.260272,62.4191,2.7163,1.9953,6.1435,5735933.447055,620062.899024,-62.4191,30U
1403713595865184,5,51.761405,-1.260271,62.5434,2.7122,1.9714,6.0959,5735933.427802,620062.958473,-62.5434,30U
1403713596056677,5,51.761405,-1.260269,63.0375,2.7099,1.9797,6.1119,5735933.376462,620063.097035,-63.0375,30U
1403713596256521,5,51.761407,-1.260276,61.5924,2.7101,1.9481,6.0483,5735933.597115,620062.635501,-61.5924,30U
1403713596457316,5,51.761405,-1.26027,62.6493,2.7167,1.9903,6.132,5735933.402238,620063.033234,-62.6493,30U
1403713596652732,5,51.761405,-1.260271,62.2477,2.7098,1.9575,6.0669,5735933.392529,620062.958025,-62.2477,30U
1403713596865174,5,51.761404,-1.26027,62.9524,2.7094,1.9566,6.0655,5735933.296323,620062.99813,-62.9524,30U
1403713597056808,5,51.761405,-1.260274,62.1324,2.7075,1.928,6.0097,5735933.467084,620062.753294,-62.1324,30U
1403713597252681,4,51.7614,-1.260255,65.2608,2.76,2.2679,6.6962,5735932.891291,620064.0634,-65.2608,30U
1403713597451610,4,51.7614,-1.260255,65.1814,2.7588,2.2663,6.6923,5735932.852149,620064.041938,-65.1814,30U
1403713597652596,4,51.7614,-1.260255,65.2167,2.759,2.2663,6.6924,5735932.86801,620064.059758,-65.2167,30U
1403713597864115,4,51.761399,-1.260257,65.3915,2.759,2.2662,6.6917,5735932.739248,620063.960216,-65.3915,30U
1403713598052338,4,51.761399,-1.260258,65.6884,2.7626,2.2708,6.7014,5735932.73579,620063.867069,-65.6884,30U
1403713598252226,4,51.761399,-1.260257,65.579,2.7617,2.2682,6.6971,5735932.757659,620063.914547,-65.579,30U
1403713598456493,4,51.761399,-1.260257,65.5614,2.7601,2.2675,6.6937,5735932.798076,620063.968922,-65.5614,30U
1403713598656659,4,51.7614,-1.260256,65.65,2.7629,2.2701,6.6998,5735932.842163,620063.983797,-65.65,30U
1403713598865124,4,51.7614,-1.260256,65.622,2.7619,2.2699,6.6975,5735932.871314,620064.019379,-65.622,30U
1403713599056639,4,51.7614,-1.260255,65.5172,2.7602,2.2675,6.6911,5735932.932423,620064.05781,-65.5172,30U
1403713599251472,4,51.7614,-1.260255,65.4422,2.7593,2.266,6.6888,5735932.886095,620064.047506,-65.4422,30U
1403713599451521,4,51.7614,-1.260255,65.571,2.7593,2.2673,6.6899,5735932.885463,620064.043428,-65.571,30U
1403713599651527,4,51.7614,-1.260255,65.552,2.757,2.2646,6.6829,5735932.915059,620064.08859,-65.552,30U
1403713599865296,4,51.7614,-1.260255,65.7495,2.7591,2.2661,6.6866,5735932.922407,620064.081307,-65.7495,30U
1403713600056207,4,51.7614,-1.260255,65.6633,2.759,2.266,6.6863,5735932.895941,620064.0547,-65.6633,30U
1403713600251582,4,51.7614,-1.260255,65.5826,2.7588,2.2656,6.6852,5735932.885062,620064.063551,-65.5826,30U
1403713600451577,4,51.7614,-1.260256,65.6703,2.7571,2.2633,6.6799,5735932.845707,620064.003824,-65.6703,30U
1403713600652904,4,51.7614,-1.260255,65.4659,2.7589,2.2656,6.6845,5735932.862759,620064.073099,-65.4659,30U
1403713600864489,4,51.761399,-1.260255,65.333,2.7567,2.2627,6.6777,5735932.812992,620064.075173,-65.333,30U
1403713601057548,4,51.7614,-1.260254,65.2954,2.7576,2.264,6.6799,5735932.875045,620064.129431,-65.2954,30U
1403713601256225,4,51.7614,-1.260254,65.3899,2.7582,2.264,6.6806,5735932.903126,620064.158102,-65.3899,30U
1403713601453134,4,51.7614,-1.260254,65.4688,2.7562,2.2612,6.6742,5735932.92371,620064.169141,-65.4688,30U
1403713601651455,4,51.7614,-1.260254,65.6344,2.7572,2.2631,6.6772,5735932.890665,620064.156542,-65.6344,30U
1403713601864042,5,51.761401,-1.260252,65.425,2.7576,2.2633,6.6772,5735932.985664,620064.254987,-65.425,30U
1403713602056083,4,51.7614,-1.260253,65.3988,2.7569,2.2631,6.6756,5735932.912467,620064.224684,-65.3988,30U
1403713602252368,4,51.7614,-1.260253,65.3286,2.758,2.2654,6.6791,5735932.845494,620064.18779,-65.3286,30U
1403713602452251,4,51.761399,-1.260254,65.3879,2.7591,2.2657,6.6801,5735932.812346,620064.141362,-65.3879,30U
1403713602652313,4,51.761399,-1.260255,65.379,2.7574,2.2633,6.6753,5735932.761575,620064.082943,-65.379,30U
1403713602863651,4,51.761399,-1.260255,65.3898,2.7558,2.2601,6.6691,5735932.803876,620064.080374,-65.3898,30U
1403713603052390,4,51.761399,-1.260255,65.3535,2.7575,2.2622,6.6731,5735932.809429,620064.106478,-65.3535,30U
1403713603252237,4,51.761399,-1.260255,65.2803,2.7553,2.2603,6.6675,5735932.738548,620064.077843,-65.2803,30U
1403713603456902,4,51.761398,-1.260255,65.1948,2.7545,2.2594,6.665,5735932.691529,620064.071636,-65.1948,30U
1403713603657370,4,51.761397,-1.260256,65.2863,2.7553,2.2596,6.666,5735932.6023,620064.022305,-65.2863,30U
1403713603865828,4,51.761397,-1.260256,65.3866,2.7562,2.2607,6.6676,5735932.552093,620064.00451,-65.3866,30U
1403713604056881,4,51.761396,-1.260256,65.328,2.7567,2.2608,6.6684,5735932.494212,620064.002029,-65.328,30U
1403713604252429,4,51.761397,-1.260255,65.2207,2.7588,2.2634,6.6733,5735932.565457,620064.073996,-65.2207,30U
1403713604452241,4,51.761397,-1.260255,65.3025,2.7581,2.2606,6.6692,5735932.581141,620064.07397,-65.3025,30U
1403713604652207,4,51.761397,-1.260256,65.4109,2.7559,2.2585,6.6635,5735932.589028,620064.045945,-65.4109,30U
1403713604863883,4,51.761397,-1.260256,65.6024,2.7553,2.2584,6.6617,5735932.606949,620064.01917,-65.6024,30U
1403713605052219,4,51.761397,-1.260255,65.5269,2.7552,2.2583,6.6613,5735932.611742,620064.060587,-65.5269,30U
1403713605252111,4,51.761396,-1.260257,65.7047,2.7568,2.26,6.6645,5735932.499088,620063.958043,-65.7047,30U
1403713605452099,4,51.761396,-1.260257,65.6243,2.757,2.2591,6.6637,5735932.429479,620063.946353,-65.6243,30U
1403713605652080,4,51.761396,-1.260257,65.6832,2.7567,2.2595,6.6631,5735932.40849,620063.92707,-65.6832,30U
1403713605877412,4,51.761395,-1.260258,65.6466,2.7566,2.2587,6.6615,5735932.297798,620063.866077,-65.6466,30U
1403713606064171,4,51.761395,-1.260259,65.7222,2.7552,2.2584,6.6586,5735932.304513,620063.837866,-65.7222,30U
1403713606264545,4,51.761394,-1.260258,65.6624,2.7556,2.2588,6.6592,5735932.266735,620063.873847,-65.6624,30U
1403713606464185,4,51.761394,-1.260258,65.5204,2.7552,2.2583,6.6577,5735932.231943,620063.900181,-65.5204,30U
1403713606663918,4,51.761395,-1.260257,65.492,2.7547,2.2582,6.656,5735932.316129,620063.937152,-65.492,30U
1403713606876394,4,51.761395,-1.260257,65.428,2.7557,2.2581,6.6573,5735932.316433,620063.939229,-65.428,30U
1403713607063575,4,51.761395,-1.260256,65.4801,2.7552,2.2582,6.656,5735932.367337,620063.995038,-65.4801,30U
1403713607263441,4,51.761395,-1.260256,65.409,2.7554,2.2583,6.6558,5735932.34609,620063.995801,-65.409,30U
1403713607462715,4,51.761395,-1.260256,65.2902,2.7562,2.2592,6.6575,5735932.340787,620063.994263,-65.2902,30U
1403713607662604,4,51.761395,-1.260256,65.3111,2.7533,2.2573,6.6509,5735932.296879,620063.991705,-65.3111,30U
1403713607872972,4,51.761394,-1.260257,65.2376,2.7559,2.2592,6.656,5735932.251049,620063.977382,-65.2376,30U
1403713608063623,4,51.761394,-1.260257,65.1739,2.7578,2.2604,6.6595,5735932.205077,620063.970553,-65.1739,30U
1403713608262629,4,51.761393,-1.260257,65.0602,2.7566,2.2572,6.654,5735932.156582,620063.986427,-65.0602,30U
1403713608463602,4,51.761394,-1.260257,65.0628,2.7551,2.2574,6.6518,5735932.191291,620063.987745,-65.0628,30U
1403713608663763,4,51.761394,-1.260256,64.949,2.7553,2.2575,6.6514,5735932.242417,620064.02861,-64.949,30U
1403713608872618,4,51.761394,-1.260256,64.9691,2.7588,2.2587,6.6571,5735932.270241,620064.014097,-64.9691,30U
1403713609064634,4,51.761394,-1.260257,64.9598,2.7539,2.2563,6.6474,5735932.218064,620063.981001,-64.9598,30U
1403713609264538,4,51.761394,-1.260256,64.8365,2.7596,2.2591,6.6576,5735932.21081,620063.999543,-64.8365,30U
1403713609464545,4,51.761394,-1.260256,64.8113,2.7562,2.258,6.651,5735932.264309,620064.05377,-64.8113,30U
1403713609664805,4,51.761395,-1.260255,64.7946,2.7583,2.2584,6.6545,5735932.296449,620064.085257,-64.7946,30U
1403713609876513,5,51.761394,-1.260255,64.7538,2.758,2.2579,6.6531,5735932.262669,620064.078734,-64.7538,30U
1403713610063697,4,51.761394,-1.260255,64.6746,2.7558,2.2572,6.6485,5735932.23826,620064.092179,-64.6746,30U
1403713610262441,4,51.761394,-1.260255,64.7876,2.7573,2.2578,6.6508,5735932.246084,620064.099919,-64.7876,30U
1403713610463436,4,51.761394,-1.260254,64.6789,2.7575,2.2585,6.6517,5735932.250633,620064.148991,-64.6789,30U
1403713610663554,4,51.761395,-1.260254,64.6052,2.7596,2.2582,6.6538,5735932.302749,620064.182377,-64.6052,30U
1403713610871238,4,51.761394,-1.260254,64.5774,2.7621,2.2588,6.6574,5735932.233911,620064.181414,-64.5774,30U
1403713611063477,4,51.761394,-1.260254,64.5275,2.7627,2.2595,6.6586,5735932.221464,620064.177392,-64.5275,30U
1403713611262479,4,51.761394,-1.260253,64.4911,2.7607,2.2567,6.6523,5735932.226289,620064.207841,-64.4911,30U
1403713611462614,4,51.761394,-1.260253,64.4106,2.761,2.2597,6.6553,5735932.230556,620064.223883,-64.4106,30U
1403713611661995,4,51.761393,-1.260254,64.2321,2.7577,2.2563,6.6465,5735932.14701,620064.19416,-64.2321,30U
1403713611872714,4,51.761393,-1.260254,64.1971,2.7574,2.2578,6.6469,5735932.083807,620064.17613,-64.1971,30U
1403713612062527,4,51.761392,-1.260254,64.125,2.7567,2.2568,6.6447,5735932.034978,620064.159729,-64.125,30U
1403713612263858,4,51.761392,-1.260254,64.0651,2.757,2.257,6.6444,5735932.035914,620064.156543,-64.0651,30U
1403713612462476,4,51.761392,-1.260254,64.0943,2.7567,2.2567,6.6434,5735932.06051,620064.159839,-64.0943,30U
1403713612661887,4,51.761393,-1.260254,64.0634,2.7536,2.2544,6.6364,5735932.121467,620064.178815,-64.0634,30U
1403713612872295,4,51.761393,-1.260254,64.0851,2.7539,2.2531,6.6358,5735932.123887,620064.136683,-64.0851,30U
1403713613064053,4,51.761393,-1.260255,64.0857,2.7503,2.2518,6.6287,5735932.129118,620064.091586,-64.0857,30U
1403713613264447,4,51.761394,-1.260255,64.0025,2.749,2.2519,6.6255,5735932.19439,620064.097757,-64.0025,30U
1403713613464420,4,51.761395,-1.260255,63.9667,2.7495,2.2524,6.626,5735932.304994,620064.088107,-63.9667,30U
1403713613664446,4,51.761395,-1.260256,64.0437,2.7574,2.2652,6.6493,5735932.374575,620064.025548,-64.0437,30U
1403713613872660,4,51.761397,-1.260255,63.8985,2.763,2.2736,6.6654,5735932.537814,620064.065841,-63.8985,30U
1403713614063713,4,51.761398,-1.260256,63.893,2.7644,2.273,6.6676,5735932.638091,620064.040771,-63.893,30U
1403713614262591,4,51.761399,-1.260255,63.7431,2.7559,2.2628,6.6435,5735932.786924,620064.061632,-63.7431,30U
1403713614462595,4,51.7614,-1.260255,63.7325,2.7595,2.2637,6.6491,5735932.914495,620064.088513,-63.7325,30U
1403713614664477,4,51.761401,-1.260255,63.6281,2.7586,2.2623,6.647,5735933.027951,620064.104984,-63.6281,30U
1403713614877368,4,51.761402,-1.260254,63.3941,2.8121,2.3355,6.7978,5735933.130422,620064.14888,-63.3941,30U
1403713615064206,3,51.761403,-1.260254,63.3946,2.8121,2.3356,6.7976,5735933.175159,620064.141211,-63.3946,30U
1403713615262488,3,51.761403,-1.260254,63.3946,2.8121,2.3356,6.7976,5735933.175159,620064.141211,-63.3946,30U
1403713615462010,3,51.761403,-1.260254,63.3946,2.8121,2.3356,6.7976,5735933.175159,620064.141211,-63.3946,30U
1403713615661724,3,51.761403,-1.260254,63.3946,2.8121,2.3356,6.7976,5735933.175159,620064.141211,-63.3946,30U
1403713615869404,3,51.761403,-1.260254,63.3946,2.8121,2.3356,6.7976,5735933.175159,620064.141211,-63.3946,30U
1403713616062484,3,51.761403,-1.260254,63.3946,2.8121,2.3356,6.7976,5735933.175159,620064.141211,-63.3946,30U
1403713616264280,3,51.761403,-1.260254,63.3946,2.8121,2.3356,6.7976,5735933.175159,620064.141211,-63.3946,30U
1403713616462630,4,51.761403,-1.260254,63.3946,2.8121,2.3356,6.7976,5735933.175159,620064.141211,-63.3946,30U
1403713616664064,4,51.761403,-1.260254,63.3946,2.8121,2.3356,6.7976,5735933.175159,620064.141211,-63.3946,30U
1403713616870397,4,51.761403,-1.260254,63.3946,2.8121,2.3356,6.7976,5735933.175159,620064.141211,-63.3946,30U
1403713617063824,4,51.761384,-1.26029,69.5494,6.6466,6.7554,17.125401,5735931.090164,620061.727811,-69.5494,30U
1403713617262334,4,51.761387,-1.260284,68.6757,6.6469,6.7551,17.124701,5735931.44212,620062.09037,-68.6757,30U
1403713617464029,4,51.761398,-1.260267,65.6976,3.9659,3.7584,9.9713,5735932.616047,620063.282342,-65.6976,30U
1403713617664073,4,51.761405,-1.260255,63.6434,2.9488,2.5178,7.1773,5735933.399111,620064.081554,-63.6434,30U
1403713617878964,4,51.76141,-1.260246,62.1503,2.9517,2.5219,7.1853,5735933.970224,620064.661357,-62.1503,30U
1403713618065231,4,51.761407,-1.26025,62.8489,2.9398,2.5061,7.1511,5735933.709171,620064.373171,-62.8489,30U
1403713618265200,4,51.76141,-1.260245,61.9725,2.9413,2.5079,7.1545,5735934.032429,620064.711021,-61.9725,30U
1403713618465242,4,51.76142,-1.260228,59.0709,2.9413,2.5077,7.1544,5735935.20049,620065.903594,-59.0709,30U
1403713618664635,4,51.761406,-1.260251,63.1398,2.9315,2.4952,7.1263,5735933.619518,620064.322843,-63.1398,30U
1403713618877137,4,51.761407,-1.260251,63.1521,2.8993,2.4528,7.0349,5735933.675211,620064.354952,-63.1521,30U
1403713619052227,4,51.761401,-1.260261,64.9268,2.9036,2.4581,7.046,5735933.018561,620063.689236,-64.9268,30U
1403713619252480,4,51.761406,-1.260252,63.5403,2.9095,2.4662,7.0623,5735933.580037,620064.258063,-63.5403,30U
1403713619458153,4,51.761406,-1.260252,63.5766,2.8782,2.4252,6.9741,5735933.528709,620064.234302,-63.5766,30U
1403713619652302,4,51.761404,-1.260256,64.1328,2.8789,2.4253,6.975,5735933.357036,620064.015961,-64.1328,30U
1403713619862293,4,51.761401,-1.260261,65.101,2.8664,2.4092,6.9396,5735932.983691,620063.645128,-65.101,30U
1403713620052916,4,51.761404,-1.260256,64.1196,2.8591,2.4,6.9193,5735933.388706,620064.01474,-64.1196,30U
1403713620257157,4,51.761406,-1.260254,63.8672,2.851,2.3891,6.8962,5735933.522557,620064.110354,-63.8672,30U
1403713620452517,4,51.761406,-1.260254,63.7218,2.8429,2.3787,6.873,5735933.532993,620064.141978,-63.7218,30U
1403713620652396,4,51.761409,-1.260248,62.7846,2.8463,2.383,6.8818,5735933.917551,620064.525694,-62.7846,30U
1403713620863693,4,51.761407,-1.260253,63.3912,2.8466,2.3832,6.8814,5735933.638294,620064.225444,-63.3912,30U
1403713621052251,4,51.761404,-1.260257,64.118,2.8405,2.3748,6.8635,5735933.32481,620063.946297,-64.118,30U
1403713621252295,4,51.761403,-1.260259,64.4324,2.8419,2.3756,6.8663,5735933.216515,620063.821917,-64.4324,30U
1403713621452231,4,51.761404,-1.260257,64.2747,2.8361,2.3682,6.8498,5735933.301435,620063.897226,-64.2747,30U
1403713621652449,4,51.761405,-1.260254,63.7854,2.8297,2.3596,6.8315,5735933.500226,620064.108186,-63.7854,30U
1403713621866079,4,51.761404,-1.260257,64.2498,2.8261,2.3547,6.8205,5735933.313608,620063.920456,-64.2498,30U
1403713622052998,4,51.761404,-1.260258,64.3429,2.8256,2.3545,6.8191,5735933.28179,620063.889489,-64.3429,30U
1403713622251980,4,51.761403,-1.260258,64.3701,2.8286,2.3584,6.827,5735933.252655,620063.858009,-64.3701,30U
1403713622456127,5,51.761405,-1.260254,63.8306,2.8098,2.3064,6.7188,5735933.464734,620064.135846,-63.8306,30U
1403713622652226,5,51.761404,-1.260255,64.2913,2.8049,2.2996,6.7042,5735933.337369,620064.04246,-64.2913,30U
1403713622864150,5,51.761407,-1.260251,63.1723,2.8021,2.2951,6.695,5735933.722477,620064.304555,-63.1723,30U
1403713623052233,5,51.761406,-1.260253,63.3937,2.7973,2.2886,6.6812,5735933.60504,620064.203013,-63.3937,30U
1403713623252234,5,51.761405,-1.260254,63.8378,2.7967,2.2886,6.6798,5735933.454009,620064.143347,-63.8378,30U
1403713623452148,5,51.761405,-1.260247,64.2089,2.7774,2.1721,6.4445,5735933.491942,620064.623325,-64.2089,30U
1403713623652138,5,51.761411,-1.260251,61.743,2.7522,2.0654,6.233,5735934.154067,620064.311961,-61.743,30U
1403713623865061,5,51.761406,-1.260249,64.0057,2.7499,2.062,6.2263,5735933.582517,620064.466974,-64.0057,30U
1403713624052144,5,51.761406,-1.260267,63.2925,2.7491,2.0662,6.2345,5735933.500988,620063.24665,-63.2925,30U
1403713624252164,5,51.7614,-1.260261,65.5637,2.7504,2.0784,6.2583,5735932.92948,620063.672562,-65.5637,30U
1403713624452332,5,51.761399,-1.260264,65.8347,2.7483,2.0681,6.2376,5735932.812117,620063.478279,-65.8347,30U
1403713624651983,5,51.761399,-1.260259,66.3514,2.7482,2.0608,6.2221,5735932.818306,620063.824826,-66.3514,30U
1403713624864202,5,51.761398,-1.260249,67.5412,2.7357,2.0047,6.1131,5735932.719671,620064.484522,-67.5412,30U
1403713625056731,5,51.7614,-1.260248,67.4363,2.8037,2.1133,6.3145,5735932.936222,620064.575183,-67.4363,30U
1403713625251902,4,51.761409,-1.260258,64.4091,2.825,2.3534,6.81,5735933.86182,620063.818514,-64.4091,30U
1403713625451873,4,51.761412,-1.260257,64.033,2.8381,2.3705,6.8456,5735934.196498,620063.918648,-64.033,30U
1403713625651991,4,51.761414,-1.260257,63.9798,2.8373,2.3701,6.8439,5735934.445541,620063.892654,-63.9798,30U
1403713625863755,4,51.761413,-1.260262,64.7786,2.8462,2.3816,6.8681,5735934.383501,620063.541084,-64.7786,30U
1403713626052097,3,51.761417,-1.260259,64.2061,2.8792,2.4248,6.9604,5735934.766021,620063.746167,-64.2061,30U
1403713626257024,4,51.761424,-1.260255,63.5425,3.0061,2.5863,7.3115,5735935.579817,620063.995273,-63.5425,30U
1403713626452030,4,51.761428,-1.260254,63.3766,2.845,2.3784,6.8629,5735936.009904,620064.046893,-63.3766,30U
1403713626651553,4,51.761432,-1.260253,63.0453,2.8106,2.3329,6.7641,5735936.464756,620064.10669,-63.0453,30U
1403713626862564,4,51.761436,-1.260253,62.8409,2.81,2.3329,6.762,5735936.912055,620064.109024,-62.8409,30U
1403713627051653,4,51.761439,-1.260253,62.7761,2.8191,2.3439,6.7865,5735937.287608,620064.07504,-62.7761,30U
1403713627251633,4,51.761443,-1.260254,62.8507,2.8339,2.3635,6.8286,5735937.673618,620063.997312,-62.8507,30U
1403713627451944,4,51.761448,-1.260254,62.6192,2.8199,2.3449,6.7888,5735938.194448,620064.023489,-62.6192,30U
1403713627651678,4,51.761453,-1.260253,62.5027,2.79,2.3045,6.7033,5735938.738041,620064.055205,-62.5027,30U
1403713627863532,4,51.761457,-1.260253,62.4421,2.7893,2.3034,6.6981,5735939.236559,620064.040283,-62.4421,30U
1403713628051963,4,51.761461,-1.260255,62.6861,2.7899,2.3041,6.6979,5735939.652807,620063.904227,-62.6861,30U
1403713628251553,4,51.761466,-1.260255,62.5364,2.7858,2.2991,6.6886,5735940.190323,620063.868818,-62.5364,30U
1403713628451982,4,51.76147,-1.260256,62.4776,2.8043,2.3225,6.739,5735940.728969,620063.841083,-62.4776,30U
1403713628656812,4,51.761475,-1.260257,62.565,2.7845,2.2972,6.6837,5735941.278116,620063.762987,-62.565,30U
1403713628864966,4,51.761482,-1.260259,62.4625,2.8079,2.3275,6.7335,5735941.952704,620063.61712,-62.4625,30U
1403713629051711,4,51.761487,-1.260261,62.6274,2.9081,2.4544,6.922,5735942.541199,620063.404599,-62.6274,30U
1403713629251857,3,51.761486,-1.260267,63.6138,2.8969,2.4418,6.9204,5735942.419583,620063.013824,-63.6138,30U
1403713629449890,3,51.761486,-1.260267,63.6138,2.8969,2.4418,6.9204,5735942.419583,620063.013824,-63.6138,30U
1403713629650479,3,51.761486,-1.260267,63.6138,2.8969,2.4418,6.9204,5735942.419583,620063.013824,-63.6138,30U
1403713629865056,3,51.761486,-1.260267,63.6138,2.8969,2.4418,6.9204,5735942.419583,620063.013824,-63.6138,30U
1403713630051298,3,51.761486,-1.260267,63.6138,2.8969,2.4418,6.9204,5735942.419583,620063.013824,-63.6138,30U
1403713630250749,3,51.761486,-1.260267,63.6138,2.8969,2.4418,6.9204,5735942.419583,620063.013824,-63.6138,30U
1403713630451295,3,51.761486,-1.260267,63.6138,2.8969,2.4418,6.9204,5735942.419583,620063.013824,-63.6138,30U
1403713630650897,3,51.761486,-1.260267,63.6138,2.8969,2.4418,6.9204,5735942.419583,620063.013824,-63.6138,30U
1403713630863922,3,51.761486,-1.260267,63.6138,2.8969,2.4418,6.9204,5735942.419583,620063.013824,-63.6138,30U
1403713631052550,3,51.761486,-1.260267,63.6138,2.8969,2.4418,6.9204,5735942.419583,620063.013824,-63.6138,30U
1403713631252148,3,51.761486,-1.260267,63.6138,2.8969,2.4418,6.9204,5735942.419583,620063.013824,-63.6138,30U
1403713631452193,3,51.761486,-1.260267,63.6138,2.8969,2.4418,6.9204,5735942.419583,620063.013824,-63.6138,30U
1403713631651170,4,51.761486,-1.260267,63.6138,2.8969,2.4418,6.9204,5735942.419583,620063.013824,-63.6138,30U
1403713631862835,5,51.761486,-1.260267,63.6138,2.8969,2.4418,6.9204,5735942.419583,620063.013824,-63.6138,30U
1403713632056866,5,51.761588,-1.260299,65.6032,3.9301,4.3116,9.7291,5735953.678061,620060.566381,-65.6032,30U
1403713632257238,5,51.761597,-1.260299,65.0356,3.93,4.3114,9.7284,5735954.781108,620060.513963,-65.0356,30U
1403713632456628,5,51.761615,-1.260286,62.5834,3.929,4.3094,9.7277,5735956.707386,620061.360402,-62.5834,30U
1403713632652520,5,51.761628,-1.26028,61.2279,3.9287,4.3085,9.7272,5735958.183614,620061.722174,-61.2279,30U
1403713632862603,5,51.76163,-1.260292,63.02,2.3011,3.0294,5.1078,5735958.421798,620060.884428,-63.02,30U
1403713633052495,5,51.761638,-1.2603,63.3065,2.3168,2.4012,5.1543,5735959.247795,620060.317818,-63.3065,30U
1403713633252491,5,51.761648,-1.260309,62.7758,2.3223,2.391,5.1752,5735960.352746,620059.666585,-62.7758,30U
1403713633456498,5,51.761656,-1.2603,62.9923,2.9103,2.4499,6.9488,5735961.2427,620060.304035,-62.9923,30U
1403713633656727,5,51.76167,-1.260293,61.6852,2.9056,2.4287,6.9221,5735962.822254,620060.705819,-61.6852,30U
1403713633865282,5,51.761672,-1.260305,63.3826,2.9099,2.4338,6.9216,5735963.041697,620059.880964,-63.3826,30U
1403713634057156,5,51.761683,-1.26031,62.5268,2.2485,2.4215,4.9036,5735964.244701,620059.533562,-62.5268,30U
1403713634253002,5,51.761686,-1.260312,63.9873,2.2254,2.3845,4.8483,5735964.629212,620059.349539,-63.9873,30U
1403713634451191,4,51.761686,-1.260312,63.9873,2.2254,2.3845,4.8483,5735964.629212,620059.349539,-63.9873,30U
1403713634651209,4,51.761686,-1.260312,63.9873,2.2254,2.3845,4.8483,5735964.629212,620059.349539,-63.9873,30U
1403713634861426,4,51.761686,-1.260312,63.9873,2.2254,2.3845,4.8483,5735964.629212,620059.349539,-63.9873,30U
1403713635052709,4,51.76172,-1.26032,63.6132,2.9053,2.3884,6.8853,5735968.320745,620058.769442,-63.6132,30U
1403713635256581,4,51.761725,-1.260325,64.385,2.8959,2.3822,6.8539,5735968.893302,620058.366533,-64.385,30U
1403713635456459,4,51.761738,-1.260318,62.6286,2.8613,2.3828,6.8154,5735970.408027,620058.808789,-62.6286,30U
1403713635656451,4,51.761744,-1.260324,63.3425,2.8448,2.3645,6.7774,5735971.018248,620058.382277,-63.3425,30U
1403713635865481,4,51.761754,-1.260322,62.661,2.8361,2.3547,6.7545,5735972.098244,620058.491706,-62.661,30U
1403713636056415,4,51.76176,-1.260326,62.8953,2.8347,2.3523,6.7585,5735972.804918,620058.228653,-62.8953,30U
1403713636252753,4,51.761766,-1.260329,63.1008,2.822,2.3358,6.7248,5735973.520017,620058.017255,-63.1008,30U
1403713636452506,4,51.761775,-1.260329,62.8177,2.8221,2.3347,6.7262,5735974.45171,620058.008305,-62.8177,30U
1403713636652282,4,51.761783,-1.260328,62.4005,2.8409,2.3435,6.765,5735975.346151,620057.990691,-62.4005,30U
1403713636862512,3,51.761785,-1.260332,62.8177,2.8351,2.3273,6.7395,5735975.597223,620057.774266,-62.8177,30U
1403713637051035,3,51.761785,-1.260332,62.8177,2.8351,2.3273,6.7395,5735975.597223,620057.774266,-62.8177,30U
1403713637250915,3,51.761785,-1.260332,62.8177,2.8351,2.3273,6.7395,5735975.597223,620057.774266,-62.8177,30U
1403713637451029,3,51.761785,-1.260332,62.8177,2.8351,2.3273,6.7395,5735975.597223,620057.774266,-62.8177,30U
1403713637651426,3,51.761785,-1.260332,62.8177,2.8351,2.3273,6.7395,5735975.597223,620057.774266,-62.8177,30U
1403713637862789,3,51.761785,-1.260332,62.8177,2.8351,2.3273,6.7395,5735975.597223,620057.774266,-62.8177,30U
1403713638051450,3,51.761785,-1.260332,62.8177,2.8351,2.3273,6.7395,5735975.597223,620057.774266,-62.8177,30U
1403713638250836,3,51.761785,-1.260332,62.8177,2.8351,2.3273,6.7395,5735975.597223,620057.774266,-62.8177,30U
1403713638450786,3,51.761785,-1.260332,62.8177,2.8351,2.3273,6.7395,5735975.597223,620057.774266,-62.8177,30U
1403713638650722,3,51.761785,-1.260332,62.8177,2.8351,2.3273,6.7395,5735975.597223,620057.774266,-62.8177,30U
1403713638861071,3,51.761785,-1.260332,62.8177,2.8351,2.3273,6.7395,5735975.597223,620057.774266,-62.8177,30U
1403713639051593,3,51.761785,-1.260332,62.8177,2.8351,2.3273,6.7395,5735975.597223,620057.774266,-62.8177,30U
1403713639251461,3,51.761785,-1.260332,62.8177,2.8351,2.3273,6.7395,5735975.597223,620057.774266,-62.8177,30U
1403713639450752,3,51.761785,-1.260332,62.8177,2.8351,2.3273,6.7395,5735975.597223,620057.774266,-62.8177,30U
1403713639650980,4,51.761785,-1.260332,62.8177,2.8351,2.3273,6.7395,5735975.597223,620057.774266,-62.8177,30U
1403713639864618,4,51.761785,-1.260332,62.8177,2.8351,2.3273,6.7395,5735975.597223,620057.774266,-62.8177,30U
1403713640052245,4,51.761873,-1.260327,63.5841,10.479,4.3677,19.843,5735985.377375,620057.878086,-63.5841,30U
1403713640251816,3,51.761877,-1.260321,63.2423,10.4817,4.3731,19.848801,5735985.781589,620058.234333,-63.2423,30U
1403713640452158,4,51.76189,-1.260308,65.4958,10.4805,4.3704,19.843901,5735987.262951,620059.114854,-65.4958,30U
1403713640657115,4,51.761892,-1.260302,64.9798,4.9878,1.9969,7.5002,5735987.489104,620059.533626,-64.9798,30U
1403713640865086,4,51.761895,-1.260294,64.987,4.918,1.961,7.3148,5735987.913355,620060.090984,-64.987,30U
1403713641058300,4,51.761902,-1.260282,65.6223,4.9169,1.9607,7.3135,5735988.690374,620060.875317,-65.6223,30U
1403713641257094,4,51.761931,-1.260257,71.7858,5.0403,2.0128,7.6392,5735991.91119,620062.537762,-71.7858,30U
1403713641457070,4,51.761928,-1.260251,71.0474,4.9096,1.9561,7.2941,5735991.663378,620062.948465,-71.0474,30U
1403713641651952,5,51.761906,-1.260258,65.9274,4.7997,1.9088,6.9989,5735989.174113,620062.549752,-65.9274,30U
1403713641864088,5,51.761903,-1.260251,64.9524,4.7195,1.8752,6.7791,5735988.837994,620063.027316,-64.9524,30U
1403713642052816,5,51.761901,-1.260243,64.03,4.4114,1.8603,6.5505,5735988.590677,620063.568101,-64.03,30U
1403713642252205,5,51.7619,-1.260232,63.8939,4.4115,1.8602,6.5502,5735988.563637,620064.317202,-63.8939,30U
1403713642452326,5,51.761903,-1.260221,64.5161,4.4055,1.8641,6.5289,5735988.891992,620065.087141,-64.5161,30U
1403713642652083,5,51.761905,-1.260215,63.2457,3.5988,1.8541,6.1581,5735989.161158,620065.503391,-63.2457,30U
1403713642864005,4,51.761899,-1.2602,62.8208,4.6575,1.8462,6.6047,5735988.43203,620066.53973,-62.8208,30U
1403713643052101,4,51.761903,-1.260185,63.865,4.6728,1.8466,6.6435,5735988.984348,620067.603198,-63.865,30U
1403713643252072,4,51.761907,-1.260169,64.5431,4.7484,1.8774,6.8506,5735989.389812,620068.639157,-64.5431,30U
1403713643451995,4,51.761898,-1.260163,62.8298,4.7484,1.8773,6.8502,5735988.403186,620069.132716,-62.8298,30U
1403713643651895,4,51.761889,-1.260154,61.0347,4.7142,1.861,6.7538,5735987.476414,620069.728196,-61.0347,30U
1403713643865354,4,51.76189,-1.26014,61.2908,4.6712,1.8393,6.6327,5735987.53124,620070.740315,-61.2908,30U
1403713644057752,4,51.761887,-1.260127,60.6359,4.6575,1.8329,6.5928,5735987.211086,620071.613601,-60.6359,30U
1403713644257037,4,51.761887,-1.260112,61.0889,4.6554,1.8316,6.5853,5735987.278593,620072.676413,-61.0889,30U
1403713644456888,4,51.761886,-1.260097,61.554,4.635,1.8218,6.5262,5735987.248005,620073.660852,-61.554,30U
1403713644657623,4,51.761889,-1.26008,62.49,4.6347,1.8217,6.5255,5735987.546646,620074.876816,-62.49,30U
1403713644864528,4,51.76189,-1.260063,63.193,4.6289,1.8216,6.5099,5735987.690628,620076.0313,-63.193,30U
1403713645052685,4,51.761888,-1.260048,63.4772,4.6221,1.8186,6.4899,5735987.465817,620077.037198,-63.4772,30U
1403713645252706,4,51.761884,-1.260035,63.6837,4.6233,1.8198,6.4925,5735987.086269,620077.992722,-63.6837,30U
1403713645457302,4,51.761879,-1.260022,63.369,4.622,1.8193,6.4882,5735986.499977,620078.893267,-63.369,30U
1403713645652614,3,51.761879,-1.260022,63.369,4.622,1.8193,6.4882,5735986.499977,620078.893267,-63.369,30U
1403713645863711,3,51.761879,-1.260022,63.369,4.622,1.8193,6.4882,5735986.499977,620078.893267,-63.369,30U
1403713646050713,3,51.761879,-1.260022,63.369,4.622,1.8193,6.4882,5735986.499977,620078.893267,-63.369,30U
1403713646250494,3,51.761879,-1.260022,63.369,4.622,1.8193,6.4882,5735986.499977,620078.893267,-63.369,30U
1403713646451743,3,51.761879,-1.260022,63.369,4.622,1.8193,6.4882,5735986.499977,620078.893267,-63.369,30U
1403713646651497,3,51.761879,-1.260022,63.369,4.622,1.8193,6.4882,5735986.499977,620078.893267,-63.369,30U
1403713646863765,3,51.761879,-1.260022,63.369,4.622,1.8193,6.4882,5735986.499977,620078.893267,-63.369,30U
1403713647052365,3,51.761879,-1.260022,63.369,4.622,1.8193,6.4882,5735986.499977,620078.893267,-63.369,30U
1403713647252495,3,51.761879,-1.260022,63.369,4.622,1.8193,6.4882,5735986.499977,620078.893267,-63.369,30U
1403713647451534,3,51.761879,-1.260022,63.369,4.622,1.8193,6.4882,5735986.499977,620078.893267,-63.369,30U
1403713647651662,3,51.761879,-1.260022,63.369,4.622,1.8193,6.4882,5735986.499977,620078.893267,-63.369,30U
1403713647861918,4,51.761879,-1.260022,63.369,4.622,1.8193,6.4882,5735986.499977,620078.893267,-63.369,30U
1403713648051657,4,51.761799,-1.259874,63.2805,7.5724,3.7332,15.462,5735977.869702,620089.303031,-63.2805,30U
1403713648257146,4,51.761793,-1.259866,63.972,7.5724,3.7334,15.4608,5735977.211273,620089.908103,-63.972,30U
1403713648457024,4,51.761785,-1.259859,64.5304,7.5724,3.7335,15.4594,5735976.34954,620090.388823,-64.5304,30U
1403713648651832,5,51.761775,-1.259854,64.244,7.5741,3.7373,15.4638,5735975.204238,620090.769451,-64.244,30U
1403713648862833,5,51.761767,-1.259847,64.5628,3.656,2.4734,8.1029,5735974.361909,620091.242848,-64.5628,30U
1403713649056553,5,51.761745,-1.25985,61.8043,2.9917,2.2623,6.8368,5735971.920559,620091.112166,-61.8043,30U
1403713649252514,5,51.761744,-1.259839,63.3538,3.0119,2.2649,6.8653,5735971.851284,620091.854538,-63.3538,30U
1403713649456828,5,51.76173,-1.259836,62.4526,2.9914,2.2612,6.8342,5735970.297897,620092.124726,-62.4526,30U
1403713649651739,5,51.761713,-1.259834,61.4946,2.9467,2.0819,6.3867,5735968.354473,620092.312391,-61.4946,30U
1403713649861101,5,51.761707,-1.25983,61.8793,2.941,1.907,6.0084,5735967.724801,620092.570196,-61.8793,30U
1403713650052744,5,51.761704,-1.259824,62.2948,2.9969,1.94,6.0875,5735967.40128,620093.040108,-62.2948,30U
1403713650251862,4,51.761678,-1.259825,59.4422,4.8436,1.9323,7.0832,5735964.511958,620093.015128,-59.4422,30U
1403713650452763,4,51.761675,-1.259815,60.8076,4.8099,1.9095,6.9882,5735964.162766,620093.706632,-60.8076,30U
1403713650652663,5,51.761676,-1.259802,63.2378,4.8103,1.9095,6.988,5735964.306638,620094.600181,-63.2378,30U
1403713650862489,4,51.761665,-1.259797,62.9802,4.7906,1.9002,6.9341,5735963.092717,620094.985647,-62.9802,30U
1403713651051008,3,51.761665,-1.259797,62.9802,4.7906,1.9002,6.9341,5735963.092717,620094.985647,-62.9802,30U
1403713651250726,2,51.761665,-1.259797,62.9802,4.7906,1.9002,6.9341,5735963.092717,620094.985647,-62.9802,30U
1403713651451410,2,51.761665,-1.259797,62.9802,4.7906,1.9002,6.9341,5735963.092717,620094.985647,-62.9802,30U
1403713651651387,3,51.761665,-1.259797,62.9802,4.7906,1.9002,6.9341,5735963.092717,620094.985647,-62.9802,30U
1403713651862669,3,51.761665,-1.259797,62.9802,4.7906,1.9002,6.9341,5735963.092717,620094.985647,-62.9802,30U
1403713652050970,3,51.761665,-1.259797,62.9802,4.7906,1.9002,6.9341,5735963.092717,620094.985647,-62.9802,30U
1403713652250795,3,51.761665,-1.259797,62.9802,4.7906,1.9002,6.9341,5735963.092717,620094.985647,-62.9802,30U
1403713652450984,3,51.761665,-1.259797,62.9802,4.7906,1.9002,6.9341,5735963.092717,620094.985647,-62.9802,30U
1403713652651670,3,51.761665,-1.259797,62.9802,4.7906,1.9002,6.9341,5735963.092717,620094.985647,-62.9802,30U
1403713652862922,3,51.761665,-1.259797,62.9802,4.7906,1.9002,6.9341,5735963.092717,620094.985647,-62.9802,30U
1403713653052235,3,51.761665,-1.259797,62.9802,4.7906,1.9002,6.9341,5735963.092717,620094.985647,-62.9802,30U
1403713653252236,3,51.761665,-1.259797,62.9802,4.7906,1.9002,6.9341,5735963.092717,620094.985647,-62.9802,30U
1403713653451043,2,51.761665,-1.259797,62.9802,4.7906,1.9002,6.9341,5735963.092717,620094.985647,-62.9802,30U
1403713653650861,2,51.761665,-1.259797,62.9802,4.7906,1.9002,6.9341,5735963.092717,620094.985647,-62.9802,30U
1403713653861242,2,51.761665,-1.259797,62.9802,4.7906,1.9002,6.9341,5735963.092717,620094.985647,-62.9802,30U
1403713654050477,2,51.761665,-1.259797,62.9802,4.7906,1.9002,6.9341,5735963.092717,620094.985647,-62.9802,30U
1403713654250494,2,51.761665,-1.259797,62.9802,4.7906,1.9002,6.9341,5735963.092717,620094.985647,-62.9802,30U
1403713654451376,2,51.761665,-1.259797,62.9802,4.7906,1.9002,6.9341,5735963.092717,620094.985647,-62.9802,30U
1403713654650807,2,51.761665,-1.259797,62.9802,4.7906,1.9002,6.9341,5735963.092717,620094.985647,-62.9802,30U
1403713654860172,2,51.761665,-1.259797,62.9802,4.7906,1.9002,6.9341,5735963.092717,620094.985647,-62.9802,30U
1403713655050799,3,51.761665,-1.259797,62.9802,4.7906,1.9002,6.9341,5735963.092717,620094.985647,-62.9802,30U
1403713655252062,3,51.761665,-1.259797,62.9802,4.7906,1.9002,6.9341,5735963.092717,620094.985647,-62.9802,30U
1403713655451283,3,51.761665,-1.259797,62.9802,4.7906,1.9002,6.9341,5735963.092717,620094.985647,-62.9802,30U
1403713655651156,3,51.761665,-1.259797,62.9802,4.7906,1.9002,6.9341,5735963.092717,620094.985647,-62.9802,30U
1403713655860454,3,51.761665,-1.259797,62.9802,4.7906,1.9002,6.9341,5735963.092717,620094.985647,-62.9802,30U
1403713656050943,3,51.761665,-1.259797,62.9802,4.7906,1.9002,6.9341,5735963.092717,620094.985647,-62.9802,30U
1403713656252184,3,51.761665,-1.259797,62.9802,4.7906,1.9002,6.9341,5735963.092717,620094.985647,-62.9802,30U
1403713656451075,3,51.761665,-1.259797,62.9802,4.7906,1.9002,6.9341,5735963.092717,620094.985647,-62.9802,30U
1403713656651405,3,51.761665,-1.259797,62.9802,4.7906,1.9002,6.9341,5735963.092717,620094.985647,-62.9802,30U
1403713656860119,3,51.761665,-1.259797,62.9802,4.7906,1.9002,6.9341,5735963.092717,620094.985647,-62.9802,30U
1403713657050732,3,51.761665,-1.259797,62.9802,4.7906,1.9002,6.9341,5735963.092717,620094.985647,-62.9802,30U
1403713657251360,3,51.761665,-1.259797,62.9802,4.7906,1.9002,6.9341,5735963.092717,620094.985647,-62.9802,30U
1403713657451761,2,51.761665,-1.259797,62.9802,4.7906,1.9002,6.9341,5735963.092717,620094.985647,-62.9802,30U
1403713657651776,3,51.761665,-1.259797,62.9802,4.7906,1.9002,6.9341,5735963.092717,620094.985647,-62.9802,30U
1403713657861114,3,51.761665,-1.259797,62.9802,4.7906,1.9002,6.9341,5735963.092717,620094.985647,-62.9802,30U
1403713658050731,2,51.761665,-1.259797,62.9802,4.7906,1.9002,6.9341,5735963.092717,620094.985647,-62.9802,30U
1403713658251416,3,51.761665,-1.259797,62.9802,4.7906,1.9002,6.9341,5735963.092717,620094.985647,-62.9802,30U
1403713658450892,3,51.761665,-1.259797,62.9802,4.7906,1.9002,6.9341,5735963.092717,620094.985647,-62.9802,30U
1403713658650921,3,51.761665,-1.259797,62.9802,4.7906,1.9002,6.9341,5735963.092717,620094.985647,-62.9802,30U
1403713658861407,2,51.761665,-1.259797,62.9802,4.7906,1.9002,6.9341,5735963.092717,620094.985647,-62.9802,30U
1403713659051675,3,51.761665,-1.259797,62.9802,4.7906,1.9002,6.9341,5735963.092717,620094.985647,-62.9802,30U
1403713659251756,2,51.761665,-1.259797,62.9802,4.7906,1.9002,6.9341,5735963.092717,620094.985647,-62.9802,30U
1403713659450833,3,51.761665,-1.259797,62.9802,4.7906,1.9002,6.9341,5735963.092717,620094.985647,-62.9802,30U
1403713659650709,2,51.761665,-1.259797,62.9802,4.7906,1.9002,6.9341,5735963.092717,620094.985647,-62.9802,30U
1403713659862218,2,51.761665,-1.259797,62.9802,4.7906,1.9002,6.9341,5735963.092717,620094.985647,-62.9802,30U
1403713660050619,3,51.761665,-1.259797,62.9802,4.7906,1.9002,6.9341,5735963.092717,620094.985647,-62.9802,30U
1403713660250469,2,51.761665,-1.259797,62.9802,4.7906,1.9002,6.9341,5735963.092717,620094.985647,-62.9802,30U
1403713660451990,3,51.761665,-1.259797,62.9802,4.7906,1.9002,6.9341,5735963.092717,620094.985647,-62.9802,30U
1403713660651129,2,51.761665,-1.259797,62.9802,4.7906,1.9002,6.9341,5735963.092717,620094.985647,-62.9802,30U
1403713660861136,2,51.761665,-1.259797,62.9802,4.7906,1.9002,6.9341,5735963.092717,620094.985647,-62.9802,30U
1403713661051113,2,51.761665,-1.259797,62.9802,4.7906,1.9002,6.9341,5735963.092717,620094.985647,-62.9802,30U
1403713661251008,2,51.761665,-1.259797,62.9802,4.7906,1.9002,6.9341,5735963.092717,620094.985647,-62.9802,30U
1403713661451178,2,51.761665,-1.259797,62.9802,4.7906,1.9002,6.9341,5735963.092717,620094.985647,-62.9802,30U
1403713661650802,2,51.761665,-1.259797,62.9802,4.7906,1.9002,6.9341,5735963.092717,620094.985647,-62.9802,30U
1403713661861800,2,51.761665,-1.259797,62.9802,4.7906,1.9002,6.9341,5735963.092717,620094.985647,-62.9802,30U
1403713662050926,3,51.761665,-1.259797,62.9802,4.7906,1.9002,6.9341,5735963.092717,620094.985647,-62.9802,30U
1403713662251540,2,51.761665,-1.259797,62.9802,4.7906,1.9002,6.9341,5735963.092717,620094.985647,-62.9802,30U
1403713662450642,2,51.761665,-1.259797,62.9802,4.7906,1.9002,6.9341,5735963.092717,620094.985647,-62.9802,30U
1403713662651175,2,51.761665,-1.259797,62.9802,4.7906,1.9002,6.9341,5735963.092717,620094.985647,-62.9802,30U
1403713662861083,3,51.761665,-1.259797,62.9802,4.7906,1.9002,6.9341,5735963.092717,620094.985647,-62.9802,30U
1403713663050940,3,51.761665,-1.259797,62.9802,4.7906,1.9002,6.9341,5735963.092717,620094.985647,-62.9802,30U
1403713663251549,3,51.761665,-1.259797,62.9802,4.7906,1.9002,6.9341,5735963.092717,620094.985647,-62.9802,30U
1403713663456566,3,51.761665,-1.259797,62.9802,4.7906,1.9002,6.9341,5735963.092717,620094.985647,-62.9802,30U
1403713663652339,2,51.761665,-1.259797,62.9802,4.7906,1.9002,6.9341,5735963.092717,620094.985647,-62.9802,30U
1403713663862065,2,51.761665,-1.259797,62.9802,4.7906,1.9002,6.9341,5735963.092717,620094.985647,-62.9802,30U
1403713664051728,2,51.761665,-1.259797,62.9802,4.7906,1.9002,6.9341,5735963.092717,620094.985647,-62.9802,30U
1403713664250963,2,51.761665,-1.259797,62.9802,4.7906,1.9002,6.9341,5735963.092717,620094.985647,-62.9802,30U
1403713664452690,3,51.761665,-1.259797,62.9802,4.7906,1.9002,6.9341,5735963.092717,620094.985647,-62.9802,30U
1403713664651726,3,51.761665,-1.259797,62.9802,4.7906,1.9002,6.9341,5735963.092717,620094.985647,-62.9802,30U
1403713664861906,3,51.761665,-1.259797,62.9802,4.7906,1.9002,6.9341,5735963.092717,620094.985647,-62.9802,30U
1403713665050767,3,51.761665,-1.259797,62.9802,4.7906,1.9002,6.9341,5735963.092717,620094.985647,-62.9802,30U
1403713665251792,3,51.761665,-1.259797,62.9802,4.7906,1.9002,6.9341,5735963.092717,620094.985647,-62.9802,30U
1403713665450879,3,51.761665,-1.259797,62.9802,4.7906,1.9002,6.9341,5735963.092717,620094.985647,-62.9802,30U
1403713665651511,3,51.761665,-1.259797,62.9802,4.7906,1.9002,6.9341,5735963.092717,620094.985647,-62.9802,30U
1403713665864312,2,51.761665,-1.259797,62.9802,4.7906,1.9002,6.9341,5735963.092717,620094.985647,-62.9802,30U
1403713666052402,2,51.761665,-1.259797,62.9802,4.7906,1.9002,6.9341,5735963.092717,620094.985647,-62.9802,30U
1403713666251318,3,51.761665,-1.259797,62.9802,4.7906,1.9002,6.9341,5735963.092717,620094.985647,-62.9802,30U
1403713666450936,2,51.761665,-1.259797,62.9802,4.7906,1.9002,6.9341,5735963.092717,620094.985647,-62.9802,30U
1403713666649839,3,51.761665,-1.259797,62.9802,4.7906,1.9002,6.9341,5735963.092717,620094.985647,-62.9802,30U
1403713666860714,3,51.761665,-1.259797,62.9802,4.7906,1.9002,6.9341,5735963.092717,620094.985647,-62.9802,30U
1403713667051363,3,51.761665,-1.259797,62.9802,4.7906,1.9002,6.9341,5735963.092717,620094.985647,-62.9802,30U
1403713667251846,3,51.761665,-1.259797,62.9802,4.7906,1.9002,6.9341,5735963.092717,620094.985647,-62.9802,30U
1403713667450825,3,51.761665,-1.259797,62.9802,4.7906,1.9002,6.9341,5735963.092717,620094.985647,-62.9802,30U
1403713667650847,2,51.761665,-1.259797,62.9802,4.7906,1.9002,6.9341,5735963.092717,620094.985647,-62.9802,30U
1403713667862633,3,51.761665,-1.259797,62.9802,4.7906,1.9002,6.9341,5735963.092717,620094.985647,-62.9802,30U
1403713668051909,3,51.761665,-1.259797,62.9802,4.7906,1.9002,6.9341,5735963.092717,620094.985647,-62.9802,30U
1403713668257241,3,51.761665,-1.259797,62.9802,4.7906,1.9002,6.9341,5735963.092717,620094.985647,-62.9802,30U
1403713668452649,3,51.761665,-1.259797,62.9802,4.7906,1.9002,6.9341,5735963.092717,620094.985647,-62.9802,30U
1403713668651926,3,51.761665,-1.259797,62.9802,4.7906,1.9002,6.9341,5735963.092717,620094.985647,-62.9802,30U
1403713668862673,4,51.761665,-1.259797,62.9802,4.7906,1.9002,6.9341,5735963.092717,620094.985647,-62.9802,30U
1403713669056507,4,51.760696,-1.259002,62.1465,7.5937,3.792,15.3864,5735856.654466,620152.410047,-62.1465,30U
1403713669252667,4,51.760695,-1.258984,64.1239,7.5878,3.7796,15.3662,5735856.623964,620153.660501,-64.1239,30U
1403713669452642,4,51.760683,-1.258973,63.4522,7.5872,3.7784,15.3628,5735855.301875,620154.426188,-63.4522,30U
1403713669652708,4,51.760661,-1.258971,61.2929,7.5859,3.7757,15.3572,5735852.87384,620154.658517,-61.2929,30U
1403713669865336,4,51.76066,-1.258953,62.8582,3.2183,2.4107,7.3211,5735852.71163,620155.875377,-62.8582,30U
1403713670057721,4,51.760659,-1.258936,65.3073,3.442,2.4526,7.6908,5735852.713719,620157.088931,-65.3073,30U
1403713670258224,4,51.760664,-1.258914,68.3547,3.8419,2.5551,8.3879,5735853.278177,620158.593402,-68.3547,30U
1403713670451628,3,51.760664,-1.258914,68.3547,3.8419,2.5551,8.3879,5735853.278177,620158.593402,-68.3547,30U
1403713670651615,3,51.760664,-1.258914,68.3547,3.8419,2.5551,8.3879,5735853.278177,620158.593402,-68.3547,30U
1403713670862245,3,51.760664,-1.258914,68.3547,3.8419,2.5551,8.3879,5735853.278177,620158.593402,-68.3547,30U
1403713671051207,3,51.760664,-1.258914,68.3547,3.8419,2.5551,8.3879,5735853.278177,620158.593402,-68.3547,30U
1403713671251848,3,51.760664,-1.258914,68.3547,3.8419,2.5551,8.3879,5735853.278177,620158.593402,-68.3547,30U
1403713671451848,3,51.760664,-1.258914,68.3547,3.8419,2.5551,8.3879,5735853.278177,620158.593402,-68.3547,30U
1403713671651970,2,51.760664,-1.258914,68.3547,3.8419,2.5551,8.3879,5735853.278177,620158.593402,-68.3547,30U
1403713671863970,2,51.760664,-1.258914,68.3547,3.8419,2.5551,8.3879,5735853.278177,620158.593402,-68.3547,30U
1403713672053265,3,51.760664,-1.258914,68.3547,3.8419,2.5551,8.3879,5735853.278177,620158.593402,-68.3547,30U
1403713672251743,3,51.760664,-1.258914,68.3547,3.8419,2.5551,8.3879,5735853.278177,620158.593402,-68.3547,30U
1403713672458549,4,51.760538,-1.258787,60.0467,7.5855,3.7765,15.3367,5735839.465274,620167.679437,-60.0467,30U
1403713672652687,4,51.760516,-1.258785,58.6384,7.576,3.7564,15.3045,5735837.05664,620167.850781,-58.6384,30U
1403713672864186,3,51.76051,-1.258781,59.0614,7.5741,3.7525,15.2977,5735836.381655,620168.138608,-59.0614,30U
1403713673051306,3,51.76051,-1.258781,59.0614,7.5741,3.7525,15.2977,5735836.381655,620168.138608,-59.0614,30U
1403713673250900,3,51.76051,-1.258781,59.0614,7.5741,3.7525,15.2977,5735836.381655,620168.138608,-59.0614,30U
1403713673451188,3,51.76051,-1.258781,59.0614,7.5741,3.7525,15.2977,5735836.381655,620168.138608,-59.0614,30U
1403713673650847,3,51.76051,-1.258781,59.0614,7.5741,3.7525,15.2977,5735836.381655,620168.138608,-59.0614,30U
1403713673861170,3,51.76051,-1.258781,59.0614,7.5741,3.7525,15.2977,5735836.381655,620168.138608,-59.0614,30U
1403713674050958,3,51.76051,-1.258781,59.0614,7.5741,3.7525,15.2977,5735836.381655,620168.138608,-59.0614,30U
1403713674250780,3,51.76051,-1.258781,59.0614,7.5741,3.7525,15.2977,5735836.381655,620168.138608,-59.0614,30U
1403713674451357,3,51.76051,-1.258781,59.0614,7.5741,3.7525,15.2977,5735836.381655,620168.138608,-59.0614,30U
1403713674652199,3,51.76051,-1.258781,59.0614,7.5741,3.7525,15.2977,5735836.381655,620168.138608,-59.0614,30U
1403713674861371,3,51.76051,-1.258781,59.0614,7.5741,3.7525,15.2977,5735836.381655,620168.138608,-59.0614,30U
1403713675051765,3,51.76051,-1.258781,59.0614,7.5741,3.7525,15.2977,5735836.381655,620168.138608,-59.0614,30U
1403713675250689,3,51.76051,-1.258781,59.0614,7.5741,3.7525,15.2977,5735836.381655,620168.138608,-59.0614,30U
1403713675451022,2,51.76051,-1.258781,59.0614,7.5741,3.7525,15.2977,5735836.381655,620168.138608,-59.0614,30U
1403713675651024,3,51.76051,-1.258781,59.0614,7.5741,3.7525,15.2977,5735836.381655,620168.138608,-59.0614,30U
1403713675863885,3,51.76051,-1.258781,59.0614,7.5741,3.7525,15.2977,5735836.381655,620168.138608,-59.0614,30U
1403713676051896,3,51.76051,-1.258781,59.0614,7.5741,3.7525,15.2977,5735836.381655,620168.138608,-59.0614,30U
1403713676252140,3,51.76051,-1.258781,59.0614,7.5741,3.7525,15.2977,5735836.381655,620168.138608,-59.0614,30U
1403713676452297,3,51.76051,-1.258781,59.0614,7.5741,3.7525,15.2977,5735836.381655,620168.138608,-59.0614,30U
1403713676652277,3,51.76051,-1.258781,59.0614,7.5741,3.7525,15.2977,5735836.381655,620168.138608,-59.0614,30U
1403713676860333,2,51.76051,-1.258781,59.0614,7.5741,3.7525,15.2977,5735836.381655,620168.138608,-59.0614,30U
1403713677050922,2,51.76051,-1.258781,59.0614,7.5741,3.7525,15.2977,5735836.381655,620168.138608,-59.0614,30U
1403713677250576,2,51.76051,-1.258781,59.0614,7.5741,3.7525,15.2977,5735836.381655,620168.138608,-59.0614,30U
1403713677451551,2,51.76051,-1.258781,59.0614,7.5741,3.7525,15.2977,5735836.381655,620168.138608,-59.0614,30U
1403713677656864,3,51.76051,-1.258781,59.0614,7.5741,3.7525,15.2977,5735836.381655,620168.138608,-59.0614,30U
1403713677862209,1,51.76051,-1.258781,59.0614,7.5741,3.7525,15.2977,5735836.381655,620168.138608,-59.0614,30U
1403713678051167,1,51.76051,-1.258781,59.0614,7.5741,3.7525,15.2977,5735836.381655,620168.138608,-59.0614,30U
1403713678250335,0,51.76051,-1.258781,59.0614,7.5741,3.7525,15.2977,5735836.381655,620168.138608,-59.0614,30U
1403713678450615,0,51.76051,-1.258781,59.0614,7.5741,3.7525,15.2977,5735836.381655,620168.138608,-59.0614,30U
1403713678648987,0,51.76051,-1.258781,59.0614,7.5741,3.7525,15.2977,5735836.381655,620168.138608,-59.0614,30U
1403713678860785,1,51.76051,-1.258781,59.0614,7.5741,3.7525,15.2977,5735836.381655,620168.138608,-59.0614,30U
1403713679051733,1,51.76051,-1.258781,59.0614,7.5741,3.7525,15.2977,5735836.381655,620168.138608,-59.0614,30U
1403713679250960,0,51.76051,-1.258781,59.0614,7.5741,3.7525,15.2977,5735836.381655,620168.138608,-59.0614,30U
1403713679457795,1,51.76051,-1.258781,59.0614,7.5741,3.7525,15.2977,5735836.381655,620168.138608,-59.0614,30U
1403713679657182,1,51.76051,-1.258781,59.0614,7.5741,3.7525,15.2977,5735836.381655,620168.138608,-59.0614,30U
1403713679864445,1,51.76051,-1.258781,59.0614,7.5741,3.7525,15.2977,5735836.381655,620168.138608,-59.0614,30U
1403713680050677,3,51.76051,-1.258781,59.0614,7.5741,3.7525,15.2977,5735836.381655,620168.138608,-59.0614,30U
1403713680250438,3,51.76051,-1.258781,59.0614,7.5741,3.7525,15.2977,5735836.381655,620168.138608,-59.0614,30U
1403713680450788,3,51.76051,-1.258781,59.0614,7.5741,3.7525,15.2977,5735836.381655,620168.138608,-59.0614,30U
1403713680652300,3,51.76051,-1.258781,59.0614,7.5741,3.7525,15.2977,5735836.381655,620168.138608,-59.0614,30U
1403713680860866,3,51.76051,-1.258781,59.0614,7.5741,3.7525,15.2977,5735836.381655,620168.138608,-59.0614,30U
1403713681051712,2,51.76051,-1.258781,59.0614,7.5741,3.7525,15.2977,5735836.381655,620168.138608,-59.0614,30U
1403713681251939,2,51.76051,-1.258781,59.0614,7.5741,3.7525,15.2977,5735836.381655,620168.138608,-59.0614,30U
1403713681450718,2,51.76051,-1.258781,59.0614,7.5741,3.7525,15.2977,5735836.381655,620168.138608,-59.0614,30U
1403713681650874,2,51.76051,-1.258781,59.0614,7.5741,3.7525,15.2977,5735836.381655,620168.138608,-59.0614,30U
1403713681860697,2,51.76051,-1.258781,59.0614,7.5741,3.7525,15.2977,5735836.381655,620168.138608,-59.0614,30U
1403713682050002,2,51.76051,-1.258781,59.0614,7.5741,3.7525,15.2977,5735836.381655,620168.138608,-59.0614,30U
1403713682249723,2,51.76051,-1.258781,59.0614,7.5741,3.7525,15.2977,5735836.381655,620168.138608,-59.0614,30U
1403713682450411,2,51.76051,-1.258781,59.0614,7.5741,3.7525,15.2977,5735836.381655,620168.138608,-59.0614,30U
1403713682651930,2,51.76051,-1.258781,59.0614,7.5741,3.7525,15.2977,5735836.381655,620168.138608,-59.0614,30U
1403713682862047,2,51.76051,-1.258781,59.0614,7.5741,3.7525,15.2977,5735836.381655,620168.138608,-59.0614,30U
1403713683051032,2,51.76051,-1.258781,59.0614,7.5741,3.7525,15.2977,5735836.381655,620168.138608,-59.0614,30U
1403713683251261,2,51.76051,-1.258781,59.0614,7.5741,3.7525,15.2977,5735836.381655,620168.138608,-59.0614,30U
1403713683451317,2,51.76051,-1.258781,59.0614,7.5741,3.7525,15.2977,5735836.381655,620168.138608,-59.0614,30U
1403713683650556,2,51.76051,-1.258781,59.0614,7.5741,3.7525,15.2977,5735836.381655,620168.138608,-59.0614,30U
1403713683861084,3,51.76051,-1.258781,59.0614,7.5741,3.7525,15.2977,5735836.381655,620168.138608,-59.0614,30U
1403713684060590,3,51.76051,-1.258781,59.0614,7.5741,3.7525,15.2977,5735836.381655,620168.138608,-59.0614,30U
1403713684262593,3,51.76051,-1.258781,59.0614,7.5741,3.7525,15.2977,5735836.381655,620168.138608,-59.0614,30U
1403713684463748,3,51.76051,-1.258781,59.0614,7.5741,3.7525,15.2977,5735836.381655,620168.138608,-59.0614,30U
1403713684663837,2,51.76051,-1.258781,59.0614,7.5741,3.7525,15.2977,5735836.381655,620168.138608,-59.0614,30U
1403713684870823,2,51.76051,-1.258781,59.0614,7.5741,3.7525,15.2977,5735836.381655,620168.138608,-59.0614,30U
1403713685062485,2,51.76051,-1.258781,59.0614,7.5741,3.7525,15.2977,5735836.381655,620168.138608,-59.0614,30U
1403713685261385,2,51.76051,-1.258781,59.0614,7.5741,3.7525,15.2977,5735836.381655,620168.138608,-59.0614,30U
1403713685460637,2,51.76051,-1.258781,59.0614,7.5741,3.7525,15.2977,5735836.381655,620168.138608,-59.0614,30U
1403713685664775,2,51.76051,-1.258781,59.0614,7.5741,3.7525,15.2977,5735836.381655,620168.138608,-59.0614,30U
1403713685869752,2,51.76051,-1.258781,59.0614,7.5741,3.7525,15.2977,5735836.381655,620168.138608,-59.0614,30U
1403713686062539,2,51.76051,-1.258781,59.0614,7.5741,3.7525,15.2977,5735836.381655,620168.138608,-59.0614,30U
1403713686264535,2,51.76051,-1.258781,59.0614,7.5741,3.7525,15.2977,5735836.381655,620168.138608,-59.0614,30U
1403713686464802,2,51.76051,-1.258781,59.0614,7.5741,3.7525,15.2977,5735836.381655,620168.138608,-59.0614,30U
1403713686664386,2,51.76051,-1.258781,59.0614,7.5741,3.7525,15.2977,5735836.381655,620168.138608,-59.0614,30U
1403713686869824,2,51.76051,-1.258781,59.0614,7.5741,3.7525,15.2977,5735836.381655,620168.138608,-59.0614,30U
1403713687061052,3,51.76051,-1.258781,59.0614,7.5741,3.7525,15.2977,5735836.381655,620168.138608,-59.0614,30U
1403713687260940,3,51.76051,-1.258781,59.0614,7.5741,3.7525,15.2977,5735836.381655,620168.138608,-59.0614,30U
1403713687461467,3,51.76051,-1.258781,59.0614,7.5741,3.7525,15.2977,5735836.381655,620168.138608,-59.0614,30U
1403713687661219,3,51.76051,-1.258781,59.0614,7.5741,3.7525,15.2977,5735836.381655,620168.138608,-59.0614,30U
1403713687869107,3,51.76051,-1.258781,59.0614,7.5741,3.7525,15.2977,5735836.381655,620168.138608,-59.0614,30U
1403713688064616,3,51.76051,-1.258781,59.0614,7.5741,3.7525,15.2977,5735836.381655,620168.138608,-59.0614,30U
1403713688265004,3,51.76051,-1.258781,59.0614,7.5741,3.7525,15.2977,5735836.381655,620168.138608,-59.0614,30U
1403713688463730,4,51.76051,-1.258781,59.0614,7.5741,3.7525,15.2977,5735836.381655,620168.138608,-59.0614,30U
1403713688664346,4,51.76051,-1.258781,59.0614,7.5741,3.7525,15.2977,5735836.381655,620168.138608,-59.0614,30U
1403713688869471,4,51.76051,-1.258781,59.0614,7.5741,3.7525,15.2977,5735836.381655,620168.138608,-59.0614,30U
1403713689064389,4,51.759704,-1.257489,58.4704,8.1772,6.7007,16.276899,5735748.798437,620259.47783,-58.4704,30U
1403713689263653,4,51.759698,-1.257468,58.6696,8.1491,6.6944,16.225201,5735748.181202,620260.943158,-58.6696,30U
1403713689463631,4,51.759689,-1.257456,61.6378,5.7073,3.4903,9.5385,5735747.236377,620261.7653,-61.6378,30U
1403713689663667,4,51.759689,-1.257433,61.8052,4.9664,2.0794,7.0959,5735747.282501,620263.332333,-61.8052,30U
1403713689877560,4,51.759682,-1.257421,63.985,4.9322,2.0777,7.0142,5735746.484864,620264.236361,-63.985,30U
1403713690064444,4,51.759666,-1.257411,63.2707,4.9887,2.1892,7.2152,5735744.701488,620264.915399,-63.2707,30U
1403713690263802,5,51.759677,-1.257371,61.006,5.092,2.4417,7.5968,5735745.999445,620267.648582,-61.006,30U
1403713690457658,4,51.759651,-1.257384,66.1026,5.8507,4.7254,11.1995,5735743.078915,620266.818111,-66.1026,30U
1403713690657825,4,51.759645,-1.257363,64.0203,5.8525,4.7273,11.1983,5735742.504517,620268.308072,-64.0203,30U
1403713690866583,5,51.759633,-1.257349,62.8301,4.7692,2.1778,6.9121,5735741.132561,620269.325309,-62.8301,30U
1403713691056714,3,51.759638,-1.257324,60.1244,5.9489,4.76,11.3222,5735741.772069,620270.998594,-60.1244,30U
1403713691257586,4,51.759749,-1.257218,86.8984,77.5522,32.700802,145.3302,5735754.309141,620278.026934,-86.8984,30U
1403713691451358,3,51.759749,-1.257218,86.8984,77.5522,32.700802,145.3302,5735754.309141,620278.026934,-86.8984,30U
1403713691652070,3,51.759749,-1.257218,86.8984,77.5522,32.700802,145.3302,5735754.309141,620278.026934,-86.8984,30U
1403713691860369,2,51.759749,-1.257218,86.8984,77.5522,32.700802,145.3302,5735754.309141,620278.026934,-86.8984,30U
1403713692050765,2,51.759749,-1.257218,86.8984,77.5522,32.700802,145.3302,5735754.309141,620278.026934,-86.8984,30U
1403713692250778,2,51.759749,-1.257218,86.8984,77.5522,32.700802,145.3302,5735754.309141,620278.026934,-86.8984,30U
1403713692452096,2,51.759749,-1.257218,86.8984,77.5522,32.700802,145.3302,5735754.309141,620278.026934,-86.8984,30U
1403713692656858,2,51.759749,-1.257218,86.8984,77.5522,32.700802,145.3302,5735754.309141,620278.026934,-86.8984,30U
1403713692862635,2,51.759749,-1.257218,86.8984,77.5522,32.700802,145.3302,5735754.309141,620278.026934,-86.8984,30U
1403713693050981,2,51.759749,-1.257218,86.8984,77.5522,32.700802,145.3302,5735754.309141,620278.026934,-86.8984,30U
1403713693251117,2,51.759749,-1.257218,86.8984,77.5522,32.700802,145.3302,5735754.309141,620278.026934,-86.8984,30U
1403713693451957,3,51.759749,-1.257218,86.8984,77.5522,32.700802,145.3302,5735754.309141,620278.026934,-86.8984,30U
1403713693659758,2,51.759749,-1.257218,86.8984,77.5522,32.700802,145.3302,5735754.309141,620278.026934,-86.8984,30U
1403713693862829,3,51.759749,-1.257218,86.8984,77.5522,32.700802,145.3302,5735754.309141,620278.026934,-86.8984,30U
1403713694051157,2,51.759749,-1.257218,86.8984,77.5522,32.700802,145.3302,5735754.309141,620278.026934,-86.8984,30U
1403713694252265,3,51.759749,-1.257218,86.8984,77.5522,32.700802,145.3302,5735754.309141,620278.026934,-86.8984,30U
1403713694452469,3,51.759749,-1.257218,86.8984,77.5522,32.700802,145.3302,5735754.309141,620278.026934,-86.8984,30U
1403713694652580,3,51.759749,-1.257218,86.8984,77.5522,32.700802,145.3302,5735754.309141,620278.026934,-86.8984,30U
1403713694862346,3,51.759749,-1.257218,86.8984,77.5522,32.700802,145.3302,5735754.309141,620278.026934,-86.8984,30U
1403713695051559,1,51.759749,-1.257218,86.8984,77.5522,32.700802,145.3302,5735754.309141,620278.026934,-86.8984,30U
1403713695250750,1,51.759749,-1.257218,86.8984,77.5522,32.700802,145.3302,5735754.309141,620278.026934,-86.8984,30U
1403713695451346,1,51.759749,-1.257218,86.8984,77.5522,32.700802,145.3302,5735754.309141,620278.026934,-86.8984,30U
1403713695651172,1,51.759749,-1.257218,86.8984,77.5522,32.700802,145.3302,5735754.309141,620278.026934,-86.8984,30U
1403713695863135,1,51.759749,-1.257218,86.8984,77.5522,32.700802,145.3302,5735754.309141,620278.026934,-86.8984,30U
1403713696052061,1,51.759749,-1.257218,86.8984,77.5522,32.700802,145.3302,5735754.309141,620278.026934,-86.8984,30U
1403713696251900,1,51.759749,-1.257218,86.8984,77.5522,32.700802,145.3302,5735754.309141,620278.026934,-86.8984,30U
1403713696451986,2,51.759749,-1.257218,86.8984,77.5522,32.700802,145.3302,5735754.309141,620278.026934,-86.8984,30U
1403713696652118,2,51.759749,-1.257218,86.8984,77.5522,32.700802,145.3302,5735754.309141,620278.026934,-86.8984,30U
1403713696863917,2,51.759749,-1.257218,86.8984,77.5522,32.700802,145.3302,5735754.309141,620278.026934,-86.8984,30U
1403713697058152,2,51.759749,-1.257218,86.8984,77.5522,32.700802,145.3302,5735754.309141,620278.026934,-86.8984,30U
1403713697251938,1,51.759749,-1.257218,86.8984,77.5522,32.700802,145.3302,5735754.309141,620278.026934,-86.8984,30U
1403713697451791,2,51.759749,-1.257218,86.8984,77.5522,32.700802,145.3302,5735754.309141,620278.026934,-86.8984,30U
1403713697651283,1,51.759749,-1.257218,86.8984,77.5522,32.700802,145.3302,5735754.309141,620278.026934,-86.8984,30U
1403713697862337,1,51.759749,-1.257218,86.8984,77.5522,32.700802,145.3302,5735754.309141,620278.026934,-86.8984,30U
1403713698051384,1,51.759749,-1.257218,86.8984,77.5522,32.700802,145.3302,5735754.309141,620278.026934,-86.8984,30U
1403713698250226,1,51.759749,-1.257218,86.8984,77.5522,32.700802,145.3302,5735754.309141,620278.026934,-86.8984,30U
1403713698449985,1,51.759749,-1.257218,86.8984,77.5522,32.700802,145.3302,5735754.309141,620278.026934,-86.8984,30U
1403713698651738,1,51.759749,-1.257218,86.8984,77.5522,32.700802,145.3302,5735754.309141,620278.026934,-86.8984,30U
1403713698861997,1,51.759749,-1.257218,86.8984,77.5522,32.700802,145.3302,5735754.309141,620278.026934,-86.8984,30U
1403713699051863,2,51.759749,-1.257218,86.8984,77.5522,32.700802,145.3302,5735754.309141,620278.026934,-86.8984,30U
1403713699251833,1,51.759749,-1.257218,86.8984,77.5522,32.700802,145.3302,5735754.309141,620278.026934,-86.8984,30U
1403713699451224,1,51.759749,-1.257218,86.8984,77.5522,32.700802,145.3302,5735754.309141,620278.026934,-86.8984,30U
1403713699651017,2,51.759749,-1.257218,86.8984,77.5522,32.700802,145.3302,5735754.309141,620278.026934,-86.8984,30U
1403713699860912,2,51.759749,-1.257218,86.8984,77.5522,32.700802,145.3302,5735754.309141,620278.026934,-86.8984,30U
1403713700050999,2,51.759749,-1.257218,86.8984,77.5522,32.700802,145.3302,5735754.309141,620278.026934,-86.8984,30U
1403713700250898,2,51.759749,-1.257218,86.8984,77.5522,32.700802,145.3302,5735754.309141,620278.026934,-86.8984,30U
1403713700452550,1,51.759749,-1.257218,86.8984,77.5522,32.700802,145.3302,5735754.309141,620278.026934,-86.8984,30U
1403713700651765,1,51.759749,-1.257218,86.8984,77.5522,32.700802,145.3302,5735754.309141,620278.026934,-86.8984,30U
1403713700861696,2,51.759749,-1.257218,86.8984,77.5522,32.700802,145.3302,5735754.309141,620278.026934,-86.8984,30U
1403713701050200,1,51.759749,-1.257218,86.8984,77.5522,32.700802,145.3302,5735754.309141,620278.026934,-86.8984,30U
1403713701250525,2,51.759749,-1.257218,86.8984,77.5522,32.700802,145.3302,5735754.309141,620278.026934,-86.8984,30U
1403713701450926,1,51.759749,-1.257218,86.8984,77.5522,32.700802,145.3302,5735754.309141,620278.026934,-86.8984,30U
1403713701651955,1,51.759749,-1.257218,86.8984,77.5522,32.700802,145.3302,5735754.309141,620278.026934,-86.8984,30U
1403713701862957,1,51.759749,-1.257218,86.8984,77.5522,32.700802,145.3302,5735754.309141,620278.026934,-86.8984,30U
1403713702053062,1,51.759749,-1.257218,86.8984,77.5522,32.700802,145.3302,5735754.309141,620278.026934,-86.8984,30U
1403713702252450,1,51.759749,-1.257218,86.8984,77.5522,32.700802,145.3302,5735754.309141,620278.026934,-86.8984,30U
1403713702451002,2,51.759749,-1.257218,86.8984,77.5522,32.700802,145.3302,5735754.309141,620278.026934,-86.8984,30U
1403713702650872,2,51.759749,-1.257218,86.8984,77.5522,32.700802,145.3302,5735754.309141,620278.026934,-86.8984,30U
1403713702860516,1,51.759749,-1.257218,86.8984,77.5522,32.700802,145.3302,5735754.309141,620278.026934,-86.8984,30U
1403713703050253,1,51.759749,-1.257218,86.8984,77.5522,32.700802,145.3302,5735754.309141,620278.026934,-86.8984,30U
1403713703250904,1,51.759749,-1.257218,86.8984,77.5522,32.700802,145.3302,5735754.309141,620278.026934,-86.8984,30U
1403713703450595,1,51.759749,-1.257218,86.8984,77.5522,32.700802,145.3302,5735754.309141,620278.026934,-86.8984,30U
1403713703650900,1,51.759749,-1.257218,86.8984,77.5522,32.700802,145.3302,5735754.309141,620278.026934,-86.8984,30U
1403713703862723,1,51.759749,-1.257218,86.8984,77.5522,32.700802,145.3302,5735754.309141,620278.026934,-86.8984,30U
1403713704051666,1,51.759749,-1.257218,86.8984,77.5522,32.700802,145.3302,5735754.309141,620278.026934,-86.8984,30U
1403713704251303,1,51.759749,-1.257218,86.8984,77.5522,32.700802,145.3302,5735754.309141,620278.026934,-86.8984,30U
1403713704450810,2,51.759749,-1.257218,86.8984,77.5522,32.700802,145.3302,5735754.309141,620278.026934,-86.8984,30U
1403713704651216,2,51.759749,-1.257218,86.8984,77.5522,32.700802,145.3302,5735754.309141,620278.026934,-86.8984,30U
1403713704859836,1,51.759749,-1.257218,86.8984,77.5522,32.700802,145.3302,5735754.309141,620278.026934,-86.8984,30U
1403713705050447,1,51.759749,-1.257218,86.8984,77.5522,32.700802,145.3302,5735754.309141,620278.026934,-86.8984,30U
1403713705250421,1,51.759749,-1.257218,86.8984,77.5522,32.700802,145.3302,5735754.309141,620278.026934,-86.8984,30U
1403713705451321,1,51.759749,-1.257218,86.8984,77.5522,32.700802,145.3302,5735754.309141,620278.026934,-86.8984,30U
1403713705652145,1,51.759749,-1.257218,86.8984,77.5522,32.700802,145.3302,5735754.309141,620278.026934,-86.8984,30U
1403713705860898,1,51.759749,-1.257218,86.8984,77.5522,32.700802,145.3302,5735754.309141,620278.026934,-86.8984,30U
1403713706051107,2,51.759749,-1.257218,86.8984,77.5522,32.700802,145.3302,5735754.309141,620278.026934,-86.8984,30U
1403713706250340,1,51.759749,-1.257218,86.8984,77.5522,32.700802,145.3302,5735754.309141,620278.026934,-86.8984,30U
1403713706450393,1,51.759749,-1.257218,86.8984,77.5522,32.700802,145.3302,5735754.309141,620278.026934,-86.8984,30U
1403713706650747,2,51.759749,-1.257218,86.8984,77.5522,32.700802,145.3302,5735754.309141,620278.026934,-86.8984,30U
1403713706861530,2,51.759749,-1.257218,86.8984,77.5522,32.700802,145.3302,5735754.309141,620278.026934,-86.8984,30U
1403713707051260,1,51.759749,-1.257218,86.8984,77.5522,32.700802,145.3302,5735754.309141,620278.026934,-86.8984,30U
1403713707250979,2,51.759749,-1.257218,86.8984,77.5522,32.700802,145.3302,5735754.309141,620278.026934,-86.8984,30U
1403713707450506,2,51.759749,-1.257218,86.8984,77.5522,32.700802,145.3302,5735754.309141,620278.026934,-86.8984,30U
1403713707651017,2,51.759749,-1.257218,86.8984,77.5522,32.700802,145.3302,5735754.309141,620278.026934,-86.8984,30U
1403713707861313,2,51.759749,-1.257218,86.8984,77.5522,32.700802,145.3302,5735754.309141,620278.026934,-86.8984,30U
1403713708051299,2,51.759749,-1.257218,86.8984,77.5522,32.700802,145.3302,5735754.309141,620278.026934,-86.8984,30U
1403713708251434,2,51.759749,-1.257218,86.8984,77.5522,32.700802,145.3302,5735754.309141,620278.026934,-86.8984,30U
1403713708452072,2,51.759749,-1.257218,86.8984,77.5522,32.700802,145.3302,5735754.309141,620278.026934,-86.8984,30U
1403713708651699,2,51.759749,-1.257218,86.8984,77.5522,32.700802,145.3302,5735754.309141,620278.026934,-86.8984,30U
1403713708862481,2,51.759749,-1.257218,86.8984,77.5522,32.700802,145.3302,5735754.309141,620278.026934,-86.8984,30U
1403713709051341,2,51.759749,-1.257218,86.8984,77.5522,32.700802,145.3302,5735754.309141,620278.026934,-86.8984,30U
1403713709251950,2,51.759749,-1.257218,86.8984,77.5522,32.700802,145.3302,5735754.309141,620278.026934,-86.8984,30U
1403713709451750,2,51.759749,-1.257218,86.8984,77.5522,32.700802,145.3302,5735754.309141,620278.026934,-86.8984,30U
1403713709651466,2,51.759749,-1.257218,86.8984,77.5522,32.700802,145.3302,5735754.309141,620278.026934,-86.8984,30U
1403713709863013,2,51.759749,-1.257218,86.8984,77.5522,32.700802,145.3302,5735754.309141,620278.026934,-86.8984,30U
1403713710051750,1,51.759749,-1.257218,86.8984,77.5522,32.700802,145.3302,5735754.309141,620278.026934,-86.8984,30U
1403713710252379,1,51.759749,-1.257218,86.8984,77.5522,32.700802,145.3302,5735754.309141,620278.026934,-86.8984,30U
1403713710457288,2,51.759749,-1.257218,86.8984,77.5522,32.700802,145.3302,5735754.309141,620278.026934,-86.8984,30U
1403713710651145,2,51.759749,-1.257218,86.8984,77.5522,32.700802,145.3302,5735754.309141,620278.026934,-86.8984,30U
1403713710860800,2,51.759749,-1.257218,86.8984,77.5522,32.700802,145.3302,5735754.309141,620278.026934,-86.8984,30U
1403713711051015,3,51.759749,-1.257218,86.8984,77.5522,32.700802,145.3302,5735754.309141,620278.026934,-86.8984,30U
1403713711251177,1,51.759749,-1.257218,86.8984,77.5522,32.700802,145.3302,5735754.309141,620278.026934,-86.8984,30U
1403713711451148,1,51.759749,-1.257218,86.8984,77.5522,32.700802,145.3302,5735754.309141,620278.026934,-86.8984,30U
1403713711652336,1,51.759749,-1.257218,86.8984,77.5522,32.700802,145.3302,5735754.309141,620278.026934,-86.8984,30U
1403713711862349,1,51.759749,-1.257218,86.8984,77.5522,32.700802,145.3302,5735754.309141,620278.026934,-86.8984,30U
1403713712052935,1,51.759749,-1.257218,86.8984,77.5522,32.700802,145.3302,5735754.309141,620278.026934,-86.8984,30U
1403713712252963,1,51.759749,-1.257218,86.8984,77.5522,32.700802,145.3302,5735754.309141,620278.026934,-86.8984,30U
1403713712451720,1,51.759749,-1.257218,86.8984,77.5522,32.700802,145.3302,5735754.309141,620278.026934,-86.8984,30U
1403713712651197,3,51.759749,-1.257218,86.8984,77.5522,32.700802,145.3302,5735754.309141,620278.026934,-86.8984,30U
1403713712861122,3,51.759749,-1.257218,86.8984,77.5522,32.700802,145.3302,5735754.309141,620278.026934,-86.8984,30U
1403713713052314,3,51.759749,-1.257218,86.8984,77.5522,32.700802,145.3302,5735754.309141,620278.026934,-86.8984,30U
1403713713250705,1,51.759749,-1.257218,86.8984,77.5522,32.700802,145.3302,5735754.309141,620278.026934,-86.8984,30U
1403713713451117,2,51.759749,-1.257218,86.8984,77.5522,32.700802,145.3302,5735754.309141,620278.026934,-86.8984,30U
1403713713651032,2,51.759749,-1.257218,86.8984,77.5522,32.700802,145.3302,5735754.309141,620278.026934,-86.8984,30U
1403713713861532,2,51.759749,-1.257218,86.8984,77.5522,32.700802,145.3302,5735754.309141,620278.026934,-86.8984,30U
1403713714051984,2,51.759749,-1.257218,86.8984,77.5522,32.700802,145.3302,5735754.309141,620278.026934,-86.8984,30U
1403713714257299,2,51.759749,-1.257218,86.8984,77.5522,32.700802,145.3302,5735754.309141,620278.026934,-86.8984,30U
1403713714457179,2,51.759749,-1.257218,86.8984,77.5522,32.700802,145.3302,5735754.309141,620278.026934,-86.8984,30U
1403713714651512,2,51.759749,-1.257218,86.8984,77.5522,32.700802,145.3302,5735754.309141,620278.026934,-86.8984,30U
1403713714862073,1,51.759749,-1.257218,86.8984,77.5522,32.700802,145.3302,5735754.309141,620278.026934,-86.8984,30U
1403713715051285,1,51.759749,-1.257218,86.8984,77.5522,32.700802,145.3302,5735754.309141,620278.026934,-86.8984,30U
1403713715251342,2,51.759749,-1.257218,86.8984,77.5522,32.700802,145.3302,5735754.309141,620278.026934,-86.8984,30U
1403713715450815,2,51.759749,-1.257218,86.8984,77.5522,32.700802,145.3302,5735754.309141,620278.026934,-86.8984,30U
1403713715652640,2,51.759749,-1.257218,86.8984,77.5522,32.700802,145.3302,5735754.309141,620278.026934,-86.8984,30U
1403713715864731,2,51.759749,-1.257218,86.8984,77.5522,32.700802,145.3302,5735754.309141,620278.026934,-86.8984,30U
1403713716050317,2,51.759749,-1.257218,86.8984,77.5522,32.700802,145.3302,5735754.309141,620278.026934,-86.8984,30U
1403713716251221,2,51.759749,-1.257218,86.8984,77.5522,32.700802,145.3302,5735754.309141,620278.026934,-86.8984,30U
1403713716450352,1,51.759749,-1.257218,86.8984,77.5522,32.700802,145.3302,5735754.309141,620278.026934,-86.8984,30U
1403713716649542,1,51.759749,-1.257218,86.8984,77.5522,32.700802,145.3302,5735754.309141,620278.026934,-86.8984,30U
1403713716861764,2,51.759749,-1.257218,86.8984,77.5522,32.700802,145.3302,5735754.309141,620278.026934,-86.8984,30U
1403713717052729,2,51.759749,-1.257218,86.8984,77.5522,32.700802,145.3302,5735754.309141,620278.026934,-86.8984,30U
1403713717252875,2,51.759749,-1.257218,86.8984,77.5522,32.700802,145.3302,5735754.309141,620278.026934,-86.8984,30U
1403713717452400,2,51.759749,-1.257218,86.8984,77.5522,32.700802,145.3302,5735754.309141,620278.026934,-86.8984,30U
1403713717652522,1,51.759749,-1.257218,86.8984,77.5522,32.700802,145.3302,5735754.309141,620278.026934,-86.8984,30U
1403713717862166,2,51.759749,-1.257218,86.8984,77.5522,32.700802,145.3302,5735754.309141,620278.026934,-86.8984,30U
1403713718050886,2,51.759749,-1.257218,86.8984,77.5522,32.700802,145.3302,5735754.309141,620278.026934,-86.8984,30U
1403713718250670,2,51.759749,-1.257218,86.8984,77.5522,32.700802,145.3302,5735754.309141,620278.026934,-86.8984,30U
1403713718449774,2,51.759749,-1.257218,86.8984,77.5522,32.700802,145.3302,5735754.309141,620278.026934,-86.8984,30U
1403713718651043,2,51.759749,-1.257218,86.8984,77.5522,32.700802,145.3302,5735754.309141,620278.026934,-86.8984,30U
1403713718861586,2,51.759749,-1.257218,86.8984,77.5522,32.700802,145.3302,5735754.309141,620278.026934,-86.8984,30U
1403713719051106,2,51.759749,-1.257218,86.8984,77.5522,32.700802,145.3302,5735754.309141,620278.026934,-86.8984,30U
1403713719251485,2,51.759749,-1.257218,86.8984,77.5522,32.700802,145.3302,5735754.309141,620278.026934,-86.8984,30U
1403713719452818,3,51.759749,-1.257218,86.8984,77.5522,32.700802,145.3302,5735754.309141,620278.026934,-86.8984,30U
1403713719651526,3,51.759749,-1.257218,86.8984,77.5522,32.700802,145.3302,5735754.309141,620278.026934,-86.8984,30U
1403713719862370,3,51.759749,-1.257218,86.8984,77.5522,32.700802,145.3302,5735754.309141,620278.026934,-86.8984,30U
1403713720051735,4,51.759749,-1.257218,86.8984,77.5522,32.700802,145.3302,5735754.309141,620278.026934,-86.8984,30U
1403713720251581,4,51.759749,-1.257218,86.8984,77.5522,32.700802,145.3302,5735754.309141,620278.026934,-86.8984,30U
1403713720458406,4,51.758155,-1.256549,60.6761,7.6084,3.8397,15.0876,5735578.184847,620328.413404,-60.6761,30U
1403713720657014,4,51.758157,-1.256553,64.847,7.6087,3.8413,15.08,5735578.407779,620328.185038,-64.847,30U
1403713720866126,4,51.75816,-1.25655,64.4394,5.0304,2.9831,10.3803,5735578.730077,620328.338506,-64.4394,30U
1403713721052754,4,51.758154,-1.256545,60.6815,3.262,2.4883,7.3486,5735578.011108,620328.751799,-60.6815,30U
1403713721256587,3,51.758152,-1.256543,60.7328,3.2762,2.507,7.3816,5735577.830728,620328.858099,-60.7328,30U
1403713721451537,4,51.758152,-1.256543,60.7328,3.2762,2.507,7.3816,5735577.830728,620328.858099,-60.7328,30U
1403713721651520,4,51.758152,-1.256543,60.7328,3.2762,2.507,7.3816,5735577.830728,620328.858099,-60.7328,30U
1403713721861939,3,51.758152,-1.256543,60.7328,3.2762,2.507,7.3816,5735577.830728,620328.858099,-60.7328,30U
1403713722051438,3,51.758152,-1.256543,60.7328,3.2762,2.507,7.3816,5735577.830728,620328.858099,-60.7328,30U
1403713722252064,4,51.758152,-1.256543,60.7328,3.2762,2.507,7.3816,5735577.830728,620328.858099,-60.7328,30U
1403713722451808,4,51.758152,-1.256543,60.7328,3.2762,2.507,7.3816,5735577.830728,620328.858099,-60.7328,30U
1403713722652480,4,51.758152,-1.256543,60.7328,3.2762,2.507,7.3816,5735577.830728,620328.858099,-60.7328,30U
1403713722861608,4,51.758152,-1.256543,60.7328,3.2762,2.507,7.3816,5735577.830728,620328.858099,-60.7328,30U
1403713723056964,3,51.758144,-1.256524,59.1829,3.4128,2.5471,7.8357,5735576.964451,620330.190631,-59.1829,30U
1403713723256537,3,51.758135,-1.256528,58.247,3.345,2.4832,7.5301,5735575.930146,620329.912679,-58.247,30U
1403713723452461,2,51.758125,-1.256537,58.602,3.7504,2.5533,8.1994,5735574.773453,620329.379811,-58.602,30U
1403713723651370,2,51.758125,-1.256537,58.602,3.7504,2.5533,8.1994,5735574.773453,620329.379811,-58.602,30U
1403713723860891,2,51.758125,-1.256537,58.602,3.7504,2.5533,8.1994,5735574.773453,620329.379811,-58.602,30U
1403713724050648,2,51.758125,-1.256537,58.602,3.7504,2.5533,8.1994,5735574.773453,620329.379811,-58.602,30U
1403713724251387,2,51.758125,-1.256537,58.602,3.7504,2.5533,8.1994,5735574.773453,620329.379811,-58.602,30U
1403713724450910,2,51.758125,-1.256537,58.602,3.7504,2.5533,8.1994,5735574.773453,620329.379811,-58.602,30U
1403713724650660,2,51.758125,-1.256537,58.602,3.7504,2.5533,8.1994,5735574.773453,620329.379811,-58.602,30U
1403713724860404,1,51.758125,-1.256537,58.602,3.7504,2.5533,8.1994,5735574.773453,620329.379811,-58.602,30U
1403713725050899,2,51.758125,-1.256537,58.602,3.7504,2.5533,8.1994,5735574.773453,620329.379811,-58.602,30U
1403713725250898,2,51.758125,-1.256537,58.602,3.7504,2.5533,8.1994,5735574.773453,620329.379811,-58.602,30U
1403713725451550,2,51.758125,-1.256537,58.602,3.7504,2.5533,8.1994,5735574.773453,620329.379811,-58.602,30U
1403713725650947,2,51.758125,-1.256537,58.602,3.7504,2.5533,8.1994,5735574.773453,620329.379811,-58.602,30U
1403713725860476,2,51.758125,-1.256537,58.602,3.7504,2.5533,8.1994,5735574.773453,620329.379811,-58.602,30U
1403713726050858,2,51.758125,-1.256537,58.602,3.7504,2.5533,8.1994,5735574.773453,620329.379811,-58.602,30U
1403713726250985,2,51.758125,-1.256537,58.602,3.7504,2.5533,8.1994,5735574.773453,620329.379811,-58.602,30U
1403713726450965,2,51.758125,-1.256537,58.602,3.7504,2.5533,8.1994,5735574.773453,620329.379811,-58.602,30U
1403713726651496,2,51.758125,-1.256537,58.602,3.7504,2.5533,8.1994,5735574.773453,620329.379811,-58.602,30U
1403713726860363,2,51.758125,-1.256537,58.602,3.7504,2.5533,8.1994,5735574.773453,620329.379811,-58.602,30U
1403713727050857,2,51.758125,-1.256537,58.602,3.7504,2.5533,8.1994,5735574.773453,620329.379811,-58.602,30U
1403713727251015,2,51.758125,-1.256537,58.602,3.7504,2.5533,8.1994,5735574.773453,620329.379811,-58.602,30U
1403713727450874,2,51.758125,-1.256537,58.602,3.7504,2.5533,8.1994,5735574.773453,620329.379811,-58.602,30U
1403713727650767,1,51.758125,-1.256537,58.602,3.7504,2.5533,8.1994,5735574.773453,620329.379811,-58.602,30U
1403713727860279,1,51.758125,-1.256537,58.602,3.7504,2.5533,8.1994,5735574.773453,620329.379811,-58.602,30U
1403713728059175,1,51.758125,-1.256537,58.602,3.7504,2.5533,8.1994,5735574.773453,620329.379811,-58.602,30U
1403713728250901,1,51.758125,-1.256537,58.602,3.7504,2.5533,8.1994,5735574.773453,620329.379811,-58.602,30U
1403713728451050,2,51.758125,-1.256537,58.602,3.7504,2.5533,8.1994,5735574.773453,620329.379811,-58.602,30U
1403713728651554,2,51.758125,-1.256537,58.602,3.7504,2.5533,8.1994,5735574.773453,620329.379811,-58.602,30U
1403713728861559,2,51.758125,-1.256537,58.602,3.7504,2.5533,8.1994,5735574.773453,620329.379811,-58.602,30U
1403713729051189,2,51.758125,-1.256537,58.602,3.7504,2.5533,8.1994,5735574.773453,620329.379811,-58.602,30U
1403713729251277,3,51.758125,-1.256537,58.602,3.7504,2.5533,8.1994,5735574.773453,620329.379811,-58.602,30U
1403713729451203,3,51.758125,-1.256537,58.602,3.7504,2.5533,8.1994,5735574.773453,620329.379811,-58.602,30U
1403713729650855,3,51.758125,-1.256537,58.602,3.7504,2.5533,8.1994,5735574.773453,620329.379811,-58.602,30U
1403713729860982,3,51.758125,-1.256537,58.602,3.7504,2.5533,8.1994,5735574.773453,620329.379811,-58.602,30U
1403713730050993,3,51.758125,-1.256537,58.602,3.7504,2.5533,8.1994,5735574.773453,620329.379811,-58.602,30U
1403713730251239,3,51.758125,-1.256537,58.602,3.7504,2.5533,8.1994,5735574.773453,620329.379811,-58.602,30U
1403713730451254,3,51.758125,-1.256537,58.602,3.7504,2.5533,8.1994,5735574.773453,620329.379811,-58.602,30U
1403713730650993,3,51.758125,-1.256537,58.602,3.7504,2.5533,8.1994,5735574.773453,620329.379811,-58.602,30U
1403713730862763,3,51.758125,-1.256537,58.602,3.7504,2.5533,8.1994,5735574.773453,620329.379811,-58.602,30U
1403713731050905,3,51.758125,-1.256537,58.602,3.7504,2.5533,8.1994,5735574.773453,620329.379811,-58.602,30U
1403713731250942,3,51.758125,-1.256537,58.602,3.7504,2.5533,8.1994,5735574.773453,620329.379811,-58.602,30U
1403713731451208,3,51.758125,-1.256537,58.602,3.7504,2.5533,8.1994,5735574.773453,620329.379811,-58.602,30U
1403713731651123,3,51.758125,-1.256537,58.602,3.7504,2.5533,8.1994,5735574.773453,620329.379811,-58.602,30U
1403713731861371,3,51.758125,-1.256537,58.602,3.7504,2.5533,8.1994,5735574.773453,620329.379811,-58.602,30U
1403713732050566,3,51.758125,-1.256537,58.602,3.7504,2.5533,8.1994,5735574.773453,620329.379811,-58.602,30U
1403713732250656,3,51.758125,-1.256537,58.602,3.7504,2.5533,8.1994,5735574.773453,620329.379811,-58.602,30U
1403713732450704,3,51.758125,-1.256537,58.602,3.7504,2.5533,8.1994,5735574.773453,620329.379811,-58.602,30U
1403713732650722,3,51.758125,-1.256537,58.602,3.7504,2.5533,8.1994,5735574.773453,620329.379811,-58.602,30U
1403713732861441,3,51.758125,-1.256537,58.602,3.7504,2.5533,8.1994,5735574.773453,620329.379811,-58.602,30U
1403713733050574,3,51.758125,-1.256537,58.602,3.7504,2.5533,8.1994,5735574.773453,620329.379811,-58.602,30U
1403713733251227,3,51.758125,-1.256537,58.602,3.7504,2.5533,8.1994,5735574.773453,620329.379811,-58.602,30U
1403713733451103,3,51.758125,-1.256537,58.602,3.7504,2.5533,8.1994,5735574.773453,620329.379811,-58.602,30U
1403713733650447,3,51.758125,-1.256537,58.602,3.7504,2.5533,8.1994,5735574.773453,620329.379811,-58.602,30U
1403713733862753,3,51.758125,-1.256537,58.602,3.7504,2.5533,8.1994,5735574.773453,620329.379811,-58.602,30U
1403713734050513,3,51.758125,-1.256537,58.602,3.7504,2.5533,8.1994,5735574.773453,620329.379811,-58.602,30U
1403713734250342,3,51.758125,-1.256537,58.602,3.7504,2.5533,8.1994,5735574.773453,620329.379811,-58.602,30U
1403713734450318,3,51.758125,-1.256537,58.602,3.7504,2.5533,8.1994,5735574.773453,620329.379811,-58.602,30U
1403713734651019,3,51.758125,-1.256537,58.602,3.7504,2.5533,8.1994,5735574.773453,620329.379811,-58.602,30U
1403713734861029,3,51.758125,-1.256537,58.602,3.7504,2.5533,8.1994,5735574.773453,620329.379811,-58.602,30U
1403713735051038,3,51.758125,-1.256537,58.602,3.7504,2.5533,8.1994,5735574.773453,620329.379811,-58.602,30U
1403713735251498,3,51.758125,-1.256537,58.602,3.7504,2.5533,8.1994,5735574.773453,620329.379811,-58.602,30U
1403713735450968,3,51.758125,-1.256537,58.602,3.7504,2.5533,8.1994,5735574.773453,620329.379811,-58.602,30U
1403713735650154,3,51.758125,-1.256537,58.602,3.7504,2.5533,8.1994,5735574.773453,620329.379811,-58.602,30U
1403713735861174,3,51.758125,-1.256537,58.602,3.7504,2.5533,8.1994,5735574.773453,620329.379811,-58.602,30U
1403713736050216,3,51.758125,-1.256537,58.602,3.7504,2.5533,8.1994,5735574.773453,620329.379811,-58.602,30U
1403713736251096,3,51.758125,-1.256537,58.602,3.7504,2.5533,8.1994,5735574.773453,620329.379811,-58.602,30U
1403713736451421,3,51.758125,-1.256537,58.602,3.7504,2.5533,8.1994,5735574.773453,620329.379811,-58.602,30U
1403713736650238,3,51.758125,-1.256537,58.602,3.7504,2.5533,8.1994,5735574.773453,620329.379811,-58.602,30U
1403713736860952,3,51.758125,-1.256537,58.602,3.7504,2.5533,8.1994,5735574.773453,620329.379811,-58.602,30U
1403713737049945,3,51.758125,-1.256537,58.602,3.7504,2.5533,8.1994,5735574.773453,620329.379811,-58.602,30U
1403713737250194,3,51.758125,-1.256537,58.602,3.7504,2.5533,8.1994,5735574.773453,620329.379811,-58.602,30U
1403713737451839,3,51.758125,-1.256537,58.602,3.7504,2.5533,8.1994,5735574.773453,620329.379811,-58.602,30U
1403713737651845,3,51.758125,-1.256537,58.602,3.7504,2.5533,8.1994,5735574.773453,620329.379811,-58.602,30U
1403713737862503,3,51.758125,-1.256537,58.602,3.7504,2.5533,8.1994,5735574.773453,620329.379811,-58.602,30U
1403713738051285,3,51.758125,-1.256537,58.602,3.7504,2.5533,8.1994,5735574.773453,620329.379811,-58.602,30U
1403713738251398,3,51.758125,-1.256537,58.602,3.7504,2.5533,8.1994,5735574.773453,620329.379811,-58.602,30U
