source_timestamp,destination_timestamp
62500,0
125003,62500
187503,125003
250006,187503
312505,250006
375007,312505
437508,375007
500010,437508
562510,500010
625010,562510
687512,625010
750013,687512
812516,750013
875016,812516
937517,875016
1000018,937517
1062521,1000018
1125022,1062521
1187522,1125022
1250023,1187522
1312524,1250023
1375025,1312524
1437525,1375025
1500027,1437525
1562529,1500027
1625030,1562529
1687531,1625030
1750034,1687531
1812533,1750034
1875034,1812533
1937534,1875034
2000034,1937534
2062536,2000034
2125038,2062536
2187538,2125038
2250038,2187538
2312541,2250038
2375042,2312541
2437544,2375042
2500045,2437544
2562547,2500045
2625047,2562547
2687549,2625047
2750050,2687549
2812552,2750050
2875055,2812552
2937555,2875055
3000061,2937555
3062560,3000061
3125060,3062560
3187564,3125060
3250062,3187564
3312563,3250062
3375064,3312563
3437567,3375064
3500068,3437567
3562569,3500068
3625070,3562569
3687572,3625070
3750073,3687572
3812575,3750073
3875076,3812575
3937579,3875076
4000079,3937579
4062580,4000079
4125082,4062580
4187583,4125082
4250085,4187583
4312587,4250085
4375087,4312587
4437589,4375087
4500090,4437589
4562592,4500090
4625093,4562592
4687595,4625093
4750097,4687595
4812598,4750097
4875099,4812598
4937601,4875099
5000105,4937601
5062604,5000105
5125105,5062604
5187607,5125105
5250108,5187607
5312610,5250108
5375111,5312610
5437613,5375111
5500112,5437613
5562614,5500112
5625114,5562614
5687614,5625114
5750114,5687614
5812615,5750114
5875115,5812615
5937616,5875115
6000117,5937616
6062617,6000117
6125118,6062617
6187620,6125118
6250119,6187620
6312619,6250119
6375120,6312619
6437621,6375120
6500120,6437621
6562622,6500120
6625124,6562622
6687628,6625124
6750126,6687628
6812626,6750126
6875128,6812626
6937627,6875128
7000127,6937627
7062628,7000127
7125128,7062628
7187631,7125128
7250133,7187631
7312634,7250133
7375132,7312634
7437634,7375132
7500134,7437634
7562639,7500134
7625138,7562639
7687640,7625138
7750141,7687640
7812642,7750141
7875143,7812642
7937649,7875143
8000145,7937649
8062650,8000145
8125148,8062650
8187651,8125148
8250153,8187651
8312653,8250153
8375153,8312653
8437653,8375153
8500158,8437653
8562656,8500158
8625159,8562656
8687661,8625159
8750160,8687661
8812661,8750160
8875163,8812661
8937664,8875163
9000166,8937664
9062673,9000166
9125168,9062673
9187670,9125168
9250172,9187670
9312673,9250172
9375174,9312673
9437678,9375174
9500182,9437678
9562682,9500182
9625181,9562682
9687684,9625181
9750184,9687684
9812684,9750184
9875183,9812684
9937686,9875183
10000185,9937686
10062686,10000185
10125187,10062686
10187687,10125187
10250187,10187687
10312689,10250187
10375188,10312689
10437692,10375188
10500191,10437692
10562691,10500191
10625193,10562691
10687695,10625193
10750196,10687695
10812699,10750196
10875199,10812699
10937701,10875199
11000202,10937701
11062704,11000202
11125205,11062704
11187706,11125205
11250207,11187706
11312709,11250207
11375211,11312709
11437712,11375211
11500213,11437712
11562715,11500213
11625217,11562715
11687718,11625217
11750219,11687718
11812720,11750219
11875222,11812720
11937724,11875222
12000225,11937724
12062726,12000225
12125228,12062726
12187729,12125228
12250230,12187729
12312732,12250230
12375233,12312732
12437735,12375233
12500239,12437735
12562740,12500239
12625239,12562740
12687741,12625239
12750242,12687741
12812744,12750242
12875245,12812744
12937746,12875245
13000247,12937746
13062752,13000247
13125251,13062752
13187752,13125251
13250255,13187752
13312755,13250255
13375258,13312755
13437761,13375258
13500260,13437761
13562761,13500260
13625262,13562761
13687764,13625262
13750265,13687764
13812766,13750265
13875268,13812766
13937769,13875268
14000270,13937769
14062776,14000270
14125274,14062776
14187775,14125274
14250278,14187775
14312783,14250278
14375279,14312783
14437784,14375279
14500281,14437784
14562781,14500281
14625285,14562781
14687782,14625285
14750285,14687782
14812784,14750285
14875285,14812784
14937785,14875285
15062790,14937785
15125286,15062790
15187786,15125286
15250288,15187786
15375287,15250288
15437788,15375287
15500289,15437788
15562789,15500289
15625290,15562789
15687791,15625290
15750291,15687791
15812792,15750291
15875293,15812792
15937794,15875293
16000296,15937794
16062796,16000296
16125296,16062796
16187797,16125296
16250298,16187797
16312798,16250298
16375299,16312798
16437800,16375299
16500299,16437800
16562801,16500299
16625302,16562801
16687806,16625302
16750306,16687806
16812808,16750306
16875308,16812808
16937808,16875308
17000309,16937808
17062810,17000309
17125311,17062810
17187813,17125311
17250315,17187813
17312816,17250315
17375317,17312816
17437819,17375317
17500320,17437819
17562822,17500320
17625324,17562822
17687825,17625324
17750326,17687825
17812831,17750326
17875330,17812831
17937831,17875330
18000332,17937831
18062834,18000332
18125338,18062834
18187836,18125338
18250338,18187836
18312840,18250338
18375341,18312840
18437843,18375341
18500343,18437843
18562847,18500343
18625348,18562847
18687848,18625348
18750348,18687848
18812848,18750348
18875350,18812848
18937850,18875350
19000350,18937850
19062852,19000350
19125352,19062852
19187851,19125352
19250356,19187851
19312853,19250356
19375353,19312853
19437855,19375353
19500356,19437855
19562858,19500356
19625360,19562858
19687861,19625360
19750362,19687861
19812864,19750362
19875365,19812864
19937868,19875365
20000369,19937868
20062870,20000369
20125374,20062870
20187876,20125374
20250378,20187876
20312876,20250378
20375377,20312876
20437881,20375377
20500379,20437881
20562884,20500379
20625382,20562884
20687884,20625382
20750385,20687884
20812887,20750385
20875388,20812887
20937890,20875388
21000393,20937890
21062895,21000393
21125395,21062895
21187897,21125395
21250399,21187897
21312898,21250399
21375403,21312898
21437901,21375403
21500403,21437901
21562904,21500403
21625408,21562904
21687910,21625408
21750408,21687910
21812909,21750408
21875411,21812909
21937912,21875411
22000414,21937912
22062915,22000414
22125417,22062915
22187918,22125417
22250419,22187918
22312921,22250419
22375422,22312921
22437924,22375422
22500425,22437924
22562927,22500425
22625428,22562927
22687930,22625428
22750431,22687930
22812933,22750431
22875434,22812933
22937935,22875434
23000437,22937935
23062939,23000437
23125440,23062939
23187943,23125440
23250442,23187943
23312944,23250442
23375446,23312944
23437947,23375446
23500448,23437947
23562950,23500448
23687951,23562950
23750453,23687951
23812957,23750453
23875456,23812957
24000457,23875456
24062961,24000457
24125460,24062961
24187961,24125460
24312966,24187961
24375466,24312966
24437966,24375466
24562967,24437966
24625468,24562967
24687970,24625468
24750471,24687970
24875472,24750471
24937974,24875472
25000476,24937974
25062978,25000476
25187979,25062978
25250480,25187979
25312981,25250480
25375483,25312981
25500485,25375483
25562986,25500485
25625487,25562986
25687989,25625487
25812993,25687989
25875494,25812993
25937993,25875494
26000495,25937993
26125497,26000495
26187998,26125497
26250499,26187998
26313001,26250499
26438003,26313001
26500503,26438003
26563005,26500503
26688006,26563005
26750507,26688006
26813009,26750507
26938012,26813009
27000512,26938012
27063014,27000512
27188014,27063014
27250517,27188014
27313018,27250517
27375519,27313018
27500521,27375519
27563022,27500521
27625523,27563022
27688025,27625523
27813026,27688025
27875527,27813026
27938029,27875527
28000532,27938029
28125534,28000532
28188034,28125534
28250535,28188034
28313036,28250535
28438038,28313036
28500539,28438038
28563041,28500539
28625544,28563041
28750543,28625544
28813045,28750543
28875547,28813045
28938049,28875547
29063050,28938049
29125552,29063050
29188055,29125552
29250556,29188055
29375556,29250556
29438058,29375556
29500559,29438058
29625563,29500559
29688062,29625563
29750563,29688062
29813065,29750563
29938066,29813065
30000568,29938066
30063069,30000568
30188071,30063069
30250572,30188071
30313074,30250572
30438076,30313074
30500577,30438076
30563078,30500577
30688079,30563078
30750581,30688079
30813083,30750581
30875584,30813083
31000586,30875584
31063087,31000586
31125588,31063087
31250590,31125588
31313091,31250590
31375592,31313091
31500594,31375592
31563095,31500594
31625596,31563095
31750598,31625596
31813100,31750598
31875601,31813100
31938103,31875601
32063104,31938103
32125605,32063104
32188110,32125605
32250608,32188110
32375609,32250608
32438111,32375609
32500612,32438111
32563114,32500612
32688117,32563114
32750617,32688117
32813118,32750617
32875621,32813118
33000624,32875621
33063122,33000624
33125624,33063122
33188126,33125624
33313127,33188126
33375628,33313127
33438130,33375628
33500631,33438130
33625632,33500631
33688134,33625632
33750637,33688134
33813137,33750637
33938138,33813137
34000641,33938138
34063146,34000641
34125643,34063146
34250645,34125643
34313146,34250645
34375648,34313146
34438149,34375648
34563151,34438149
34625652,34563151
34688154,34625652
34813154,34688154
34875656,34813154
34938157,34875656
35000659,34938157
35125661,35000659
35188162,35125661
35250663,35188162
35313164,35250663
35438166,35313164
35500669,35438166
35563169,35500669
35688170,35563169
35750672,35688170
35813173,35750672
35875674,35813173
36000676,35875674
36063177,36000676
36125679,36063177
36188180,36125679
36313184,36188180
36375683,36313184
36438184,36375683
36500686,36438184
36625687,36500686
36688189,36625687
36750692,36688189
36875694,36750692
36938194,36875694
37000695,36938194
37063198,37000695
37188198,37063198
37250702,37188198
37313201,37250702
37375702,37313201
37500704,37375702
37563205,37500704
37625706,37563205
37688209,37625706
37813209,37688209
37875711,37813209
37938212,37875711
38000715,37938212
38125715,38000715
38188216,38125715
38250718,38188216
38375719,38250718
38438221,38375719
38500723,38438221
38563224,38500723
38688225,38563224
38750726,38688225
38813229,38750726
38875729,38813229
39000731,38875729
39063232,39000731
39125734,39063232
39188235,39125734
39313241,39188235
39375741,39313241
39438240,39375741
39563242,39438240
39625743,39563242
39688244,39625743
39750746,39688244
39875747,39750746
39938249,39875747
40000750,39938249
40063252,40000750
40188254,40063252
40250755,40188254
40313256,40250755
40375758,40313256
40500759,40375758
40563260,40500759
40625762,40563260
40750764,40625762
40813265,40750764
40875767,40813265
41000768,40875767
41063269,41000768
41125774,41063269
41188273,41125774
41313274,41188273
41375775,41313274
41438277,41375775
41563279,41438277
41625780,41563279
41688283,41625780
41813283,41688283
41875784,41813283
41938286,41875784
42000787,41938286
42125789,42000787
42188290,42125789
42250791,42188290
42375795,42250791
42438295,42375795
42500796,42438295
42625797,42500796
42688299,42625797
42750804,42688299
42813301,42750804
42938305,42813301
43000804,42938305
43063306,43000804
43125807,43063306
43250810,43125807
43313311,43250810
43375811,43313311
43438313,43375811
43563318,43438313
43625817,43563318
43688319,43625817
43813319,43688319
43875821,43813319
43938322,43875821
44000823,43938322
44125824,44000823
44188326,44125824
44250828,44188326
44313332,44250828
44438331,44313332
44500832,44438331
44563333,44500832
44625835,44563333
44750836,44625835
44813337,44750836
44875839,44813337
45000843,44875839
45063342,45000843
45125844,45063342
45188345,45125844
45313346,45188345
45375848,45313346
45438349,45375848
45500851,45438349
45625853,45500851
45688354,45625853
45750855,45688354
45813356,45750855
45938358,45813356
46000860,45938358
46063361,46000860
46125862,46063361
46250864,46125862
46313365,46250864
46375866,46313365
46500868,46375866
46563369,46500868
46625871,46563369
46688374,46625871
46813374,46688374
46875877,46813374
46938379,46875877
47000878,46938379
47125879,47000878
47188381,47125879
47250882,47188381
47313384,47250882
47438385,47313384
47500887,47438385
47563389,47500887
47625890,47563389
47750900,47625890
47813393,47750900
47875894,47813393
47938395,47875894
48000897,47938395
48125898,48000897
48188400,48125898
48250901,48188400
48375903,48250901
48438404,48375903
48500905,48438404
48625907,48500905
48688408,48625907
48750910,48688408
48875911,48750910
48938413,48875911
49000916,48938413
49063416,49000916
49188417,49063416
49250919,49188417
49313420,49250919
49375922,49313420
49500926,49375922
49563424,49500926
49625925,49563424
49688427,49625925
49813429,49688427
49875929,49813429
49938432,49875929
50000932,49938432
50063434,50000932
50188441,50063434
50250937,50188441
50313438,50250937
50375940,50313438
50500941,50375940
50563445,50500941
50625947,50563445
50688446,50625947
50813447,50688446
50875949,50813447
50938450,50875949
51000952,50938450
51125953,51000952
51188455,51125953
51250955,51188455
51375957,51250955
51438459,51375957
51500961,51438459
51563462,51500961
51688463,51563462
51750964,51688463
51813466,51750964
51875967,51813466
52000969,51875967
52063471,52000969
52125972,52063471
52188473,52125972
52313474,52188473
52375976,52313474
52438477,52375976
52500980,52438477
52625982,52500980
52688481,52625982
52750984,52688481
52813487,52750984
52938489,52813487
53000988,52938489
53063488,53000988
53125990,53063488
53250993,53125990
53313494,53250993
53375995,53313494
53438496,53375995
53563497,53438496
53626003,53563497
53688500,53626003
53751003,53688500
53876003,53751003
53938505,53876003
54001006,53938505
54126008,54001006
54188509,54126008
54251011,54188509
54313512,54251011
54376013,54313512
54438515,54376013
54563516,54438515
54626017,54563516
54688519,54626017
54813520,54688519
54876022,54813520
54938523,54876022
55001025,54938523
55126026,55001025
55188528,55126026
55251029,55188528
55376030,55251029
55438532,55376030
55501033,55438532
55563535,55501033
55688537,55563535
55751038,55688537
55813539,55751038
55876041,55813539
56001044,55876041
56063545,56001044
56126048,56063545
56188550,56126048
56313549,56188550
56376051,56313549
56438552,56376051
56501054,56438552
56626056,56501054
56688556,56626056
56751057,56688556
56813557,56751057
56938559,56813557
57001060,56938559
57063561,57001060
57126065,57063561
57251066,57126065
57313566,57251066
57376067,57313566
57438569,57376067
57501070,57438569
57626071,57501070
57688573,57626071
57751074,57688573
57813576,57751074
57876077,57813576
58001078,57876077
58063581,58001078
58126085,58063581
58188582,58126085
58313584,58188582
58376087,58313584
58438588,58376087
58501088,58438588
58563589,58501088
58688591,58563589
58751093,58688591
58813593,58751093
58876094,58813593
59001096,58876094
59063597,59001096
59126099,59063597
59188600,59126099
59251101,59188600
59313603,59251101
59438605,59313603
59501106,59438605
59563608,59501106
59626109,59563608
59688610,59626109
59813614,59688610
59876113,59813614
59938614,59876113
60001116,59938614
60126117,60001116
60188619,60126117
60251120,60188619
60313622,60251120
60376122,60313622
60501125,60376122
60563625,60501125
60626127,60563625
60688628,60626127
60813629,60688628
60876131,60813629
60938632,60876131
61001134,60938632
61063635,61001134
61188637,61063635
61251140,61188637
61313641,61251140
61376142,61313641
61501142,61376142
61563645,61501142
61626145,61563645
61688646,61626145
61813648,61688646
61876149,61813648
61938649,61876149
62001150,61938649
62063651,62001150
62188651,62063651
62251151,62188651
62313655,62251151
62376153,62313655
62501153,62376153
62563655,62501153
62626155,62563655
62688655,62626155
62751156,62688655
62876157,62751156
62938657,62876157
63001158,62938657
63063658,63001158
63126158,63063658
63188661,63126158
63251160,63188661
63313660,63251160
63376161,63313660
63438663,63376161
63501164,63438663
63563666,63501164
63626166,63563666
63688667,63626166
63751167,63688667
63813668,63751167
63876168,63813668
63938670,63876168
64001170,63938670
64063670,64001170
64126171,64063670
64188671,64126171
64251174,64188671
64313676,64251174
64376174,64313676
64438677,64376174
64501177,64438677
64563679,64501177
64626179,64563679
64688683,64626179
64751182,64688683
64813685,64751182
64876186,64813685
64938687,64876186
65001187,64938687
65063689,65001187
65126190,65063689
65188693,65126190
65251195,65188693
65313694,65251195
65376196,65313694
65438700,65376196
65501199,65438700
65563700,65501199
65626202,65563700
65688703,65626202
65751204,65688703
65813708,65751204
65876210,65813708
65938713,65876210
66001211,65938713
66063711,66001211
66126213,66063711
66188715,66126213
66251216,66188715
66313717,66251216
66376219,66313717
66438720,66376219
66501222,66438720
66563723,66501222
66626225,66563723
66688726,66626225
66751228,66688726
66813729,66751228
66876230,66813729
66938732,66876230
67001233,66938732
67063734,67001233
67126236,67063734
67188738,67126236
67251239,67188738
67313740,67251239
67376242,67313740
67438743,67376242
67501245,67438743
67563747,67501245
67626248,67563747
67688749,67626248
67751251,67688749
67813752,67751251
67876253,67813752
67938754,67876253
68001258,67938754
68063759,68001258
68126259,68063759
68188760,68126259
68251263,68188760
68313764,68251263
68376265,68313764
68438767,68376265
68501271,68438767
68563769,68501271
68626271,68563769
68688773,68626271
68751274,68688773
68813774,68751274
68876274,68813774
68938776,68876274
69001275,68938776
69063780,69001275
69126277,69063780
69188779,69126277
69251280,69188779
69313781,69251280
69438780,69313781
69501283,69438780
69563782,69501283
69626283,69563782
69751286,69626283
69813784,69751286
69876284,69813784
69938788,69876284
70001285,69938788
70063786,70001285
70126287,70063786
70188789,70126287
70251290,70188789
70313794,70251290
70376292,70313794
70438791,70376292
70501294,70438791
70563794,70501294
70626293,70563794
70688795,70626293
70751295,70688795
70813796,70751295
70876297,70813796
70938797,70876297
71001298,70938797
71063806,71001298
71126299,71063806
71188801,71126299
71251301,71188801
71313805,71251301
71376304,71313805
71438805,71376304
71501306,71438805
71563808,71501306
71626310,71563808
71688810,71626310
71751311,71688810
71813813,71751311
71876316,71813813
71938817,71876316
72001316,71938817
72063816,72001316
72126317,72063816
72188820,72126317
72251321,72188820
72313821,72251321
72376324,72313821
72438824,72376324
72501327,72438824
72563828,72501327
72626328,72563828
72688830,72626328
72751337,72688830
72813834,72751337
72876335,72813834
72938836,72876335
73001337,72938836
73063839,73001337
73126340,73063839
73188842,73126340
73251342,73188842
73313844,73251342
73376346,73313844
73438848,73376346
73501349,73438848
73563850,73501349
73626350,73563850
73688851,73626350
73751351,73688851
73813852,73751351
73876352,73813852
73938853,73876352
74001354,73938853
74063854,74001354
74126355,74063854
74188857,74126355
74251358,74188857
74313857,74251358
74376360,74313857
74438861,74376360
74501361,74438861
74563865,74501361
74626365,74563865
74688864,74626365
74751366,74688864
74813867,74751366
74876369,74813867
74938873,74876369
75001370,74938873
75063872,75001370
75126373,75063872
75188874,75126373
75251374,75188874
75313877,75251374
75376379,75313877
75438878,75376379
75501379,75438878
75563880,75501379
75626382,75563880
75688882,75626382
75751385,75688882
75813887,75751385
75876386,75813887
75938889,75876386
76001392,75938889
76063890,76001392
76126390,76063890
76188893,76126390
76251396,76188893
76313899,76251396
76376396,76313899
76438897,76376396
76501401,76438897
76563900,76501401
76626404,76563900
76688905,76626404
76751403,76688905
76813903,76751403
76876404,76813903
76938907,76876404
77001408,76938907
77063910,77001408
77126413,77063910
77188911,77126413
77251412,77188911
77313914,77251412
77376414,77313914
77438916,77376414
77501416,77438916
77563918,77501416
77626420,77563918
77688919,77626420
77751421,77688919
77813923,77751421
77876425,77813923
77938925,77876425
78001431,77938925
78063929,78001431
78126430,78063929
78188931,78126430
78251435,78188931
78313934,78251435
78376438,78313934
78438941,78376438
78501441,78438941
78563939,78501441
78626441,78563939
78688943,78626441
78751445,78688943
78813946,78751445
78876449,78813946
78938949,78876449
79001451,78938949
79063951,79001451
79126453,79063951
79188957,79126453
79251456,79188957
79313957,79251456
79376460,79313957
79438960,79376460
79501461,79438960
79563963,79501461
79626465,79563963
79688979,79626465
79751470,79688979
79813970,79751470
79876470,79813970
79938972,79876470
80001477,79938972
80063978,80001477
80126479,80063978
80188979,80126479
80251480,80188979
80313983,80251480
80376482,80313983
80438984,80376482
80501485,80438984
80563987,80501485
80626488,80563987
80688990,80626488
80751492,80688990
80813993,80751492
80876494,80813993
80938995,80876494
81001497,80938995
81063999,81001497
81126500,81063999
81189002,81126500
81251505,81189002
81314006,81251505
81376508,81314006
81439008,81376508
81501508,81439008
81564009,81501508
81626513,81564009
81689012,81626513
81751514,81689012
81814016,81751514
81876517,81814016
81939018,81876517
82001526,81939018
82126521,82001526
82189022,82126521
82251524,82189022
82314025,82251524
82439028,82314025
82501529,82439028
82564030,82501529
82626531,82564030
82751535,82626531
82814036,82751535
82876536,82814036
82939037,82876536
83001538,82939037
83126540,83001538
83189042,83126540
83251543,83189042
83314047,83251543
83439046,83314047
83501547,83439046
83564049,83501547
83626550,83564049
83751552,83626550
83814056,83751552
83876557,83814056
83939056,83876557
84064059,83939056
84126559,84064059
84189062,84126559
84314060,84189062
84376560,84314060
84439062,84376560
84501562,84439062
84626562,84501562
84689068,84626562
84751563,84689068
84814064,84751563
84939068,84814064
85001565,84939068
85064065,85001565
85126569,85064065
85251567,85126569
85314067,85251567
85376570,85314067
85439069,85376570
85501569,85439069
85564074,85501569
85626572,85564074
85689073,85626572
85751574,85689073
85814075,85751574
85876576,85814075
85939075,85876576
86001576,85939075
86064077,86001576
86126577,86064077
86189077,86126577
86251578,86189077
86314079,86251578
86376579,86314079
86439081,86376579
86501582,86439081
86564084,86501582
86626584,86564084
86689087,86626584
86751587,86689087
86814089,86751587
86876589,86814089
86939090,86876589
87001592,86939090
87064095,87001592
87126594,87064095
87189096,87126594
87251596,87189096
87314096,87251596
87376599,87314096
87439099,87376599
87501601,87439099
87564104,87501601
87626603,87564104
87689104,87626603
87751605,87689104
87814107,87751605
87876609,87814107
87939110,87876609
88001611,87939110
88064112,88001611
88126614,88064112
88189116,88126614
88251617,88189116
88314118,88251617
88376620,88314118
88439122,88376620
88501624,88439122
88564130,88501624
88626626,88564130
88689127,88626626
88751629,88689127
88814130,88751629
88876633,88814130
88939133,88876633
89001634,88939133
89064136,89001634
89126636,89064136
89189136,89126636
89251638,89189136
89314139,89251638
89376638,89314139
89439139,89376638
89501640,89439139
89564140,89501640
89626641,89564140
89689141,89626641
89751641,89689141
89814143,89751641
89876645,89814143
89939146,89876645
90001646,89939146
90064148,90001646
90126651,90064148
90189149,90126651
90251652,90189149
90314151,90251652
90376653,90314151
90439154,90376653
90501655,90439154
90564159,90501655
90626659,90564159
90689164,90626659
90751661,90689164
90814165,90751661
90876664,90814165
90939166,90876664
91001666,90939166
91064166,91001666
91126669,91064166
91189168,91126669
91251670,91189168
91314169,91251670
91376672,91314169
91439173,91376672
91501676,91439173
91564175,91501676
91626676,91564175
91689177,91626676
91751679,91689177
91814182,91751679
91876682,91814182
91939185,91876682
92001686,91939185
92064187,92001686
92126687,92064187
92189187,92126687
92251688,92189187
92314190,92251688
92376691,92314190
92439192,92376691
92501694,92439192
92564198,92501694
92626700,92564198
92689198,92626700
92751700,92689198
92814201,92751700
92876703,92814201
92939204,92876703
93001706,92939204
93064207,93001706
93126711,93064207
93189210,93126711
93251711,93189210
93314213,93251711
93376714,93314213
93439217,93376714
93501717,93439217
93564216,93501717
93626717,93564216
93689218,93626717
93751719,93689218
93814219,93751719
93876719,93814219
93939220,93876719
94001721,93939220
94064222,94001721
94126722,94064222
94189223,94126722
94251725,94189223
94314226,94251725
94376728,94314226
94439228,94376728
94501730,94439228
94564231,94501730
94626734,94564231
94689235,94626734
94751736,94689235
94814237,94751736
94876739,94814237
94939240,94876739
95001742,94939240
95064243,95001742
95126744,95064243
95189246,95126744
95251748,95189246
95314249,95251748
95376750,95314249
95439252,95376750
95501753,95439252
95564254,95501753
95626756,95564254
95689258,95626756
95751759,95689258
95814260,95751759
95876765,95814260
95939264,95876765
96001764,95939264
96064267,96001764
96126767,96064267
96189269,96126767
96251773,96189269
96314272,96251773
96376774,96314272
96439277,96376774
96501776,96439277
96564277,96501776
96626779,96564277
96689281,96626779
96751782,96689281
96814284,96751782
96876785,96814284
96939287,96876785
97001788,96939287
97064289,97001788
97126790,97064289
97189292,97126790
97251796,97189292
97314298,97251796
97376796,97314298
97439297,97376796
97501799,97439297
97564302,97501799
97626802,97564302
97689303,97626802
97751805,97689303
97814306,97751805
97876811,97814306
97939311,97876811
98001811,97939311
98064313,98001811
98126814,98064313
98189315,98126814
98251817,98189315
98314318,98251817
98376820,98314318
98439321,98376820
98501822,98439321
98564327,98501822
98626827,98564327
98689328,98626827
98814330,98689328
98876830,98814330
98939334,98876830
99001833,98939334
99126834,99001833
99189336,99126834
99251836,99189336
99376841,99251836
99439340,99376841
99501841,99439340
99564343,99501841
99689346,99564343
99751845,99689346
99814349,99751845
99876852,99814349
100001850,99876852
100064352,100001850
100126851,100064352
100251852,100126851
100314353,100251852
100376853,100314353
100439353,100376853
100501858,100439353
100564355,100501858
100689355,100564355
100751858,100689355
100814356,100751858
100939357,100814356
101001859,100939357
101064359,101001859
101126859,101064359
101251860,101126859
101314360,101251860
101376860,101314360
101439361,101376860
101501862,101439361
101564362,101501862
101626863,101564362
101689366,101626863
101751868,101689366
101814370,101751868
101876868,101814370
101939368,101876868
102001869,101939368
102064370,102001869
102126869,102064370
102189371,102126869
102251871,102189371
102314373,102251871
102376873,102314373
102439375,102376873
102501877,102439375
102564378,102501877
102626878,102564378
102689379,102626878
102751881,102689379
102814383,102751881
102876886,102814383
102939385,102876886
103001887,102939385
103064388,103001887
103126890,103064388
103189391,103126890
103251895,103189391
103314396,103251895
103376897,103314396
103439397,103376897
103501898,103439397
103564398,103501898
103626899,103564398
103689402,103626899
103751900,103689402
103814401,103751900
103876904,103814401
103939402,103876904
104001904,103939402
104064407,104001904
104126907,104064407
104189407,104126907
104251909,104189407
104314409,104251909
104376913,104314409
104439421,104376913
104501913,104439421
104564415,104501913
104626917,104564415
104689421,104626917
104751919,104689421
104814421,104751919
104876921,104814421
104939421,104876921
105001923,104939421
105064422,105001923
105126923,105064422
105189426,105126923
105251928,105189426
105314427,105251928
105376930,105314427
105439434,105376930
105501931,105439434
105564432,105501931
105626934,105564432
105689436,105626934
105751937,105689436
105814438,105751937
105876940,105814438
105939442,105876940
106001943,105939442
106064447,106001943
106126961,106064447
106189448,106126961
106251949,106189448
106314450,106251949
106376952,106314450
106439452,106376952
106501952,106439452
106564456,106501952
106626953,106564456
106689455,106626953
106751957,106689455
106814456,106751957
106876957,106814456
106939460,106876957
107001959,106939460
107064462,107001959
107126962,107064462
107189465,107126962
107251963,107189465
107314466,107251963
107376966,107314466
107439468,107376966
107501969,107439468
107564469,107501969
107626970,107564469
107689471,107626970
107751973,107689471
107814473,107751973
107876977,107814473
107939478,107876977
108001979,107939478
108064478,108001979
108126979,108064478
108189481,108126979
108251982,108189481
108314484,108251982
108376985,108314484
108439487,108376985
108501988,108439487
108564490,108501988
108626991,108564490
108689497,108626991
108751994,108689497
108814496,108751994
108876997,108814496
108939498,108876997
109002002,108939498
109064503,109002002
109127005,109064503
109189505,109127005
109252006,109189505
109314507,109252006
109377009,109314507
109439512,109377009
109502013,109439512
109564513,109502013
109627017,109564513
109689515,109627017
109752019,109689515
109814519,109752019
109877020,109814519
109939522,109877020
110002023,109939522
110064524,110002023
110127026,110064524
110189527,110127026
110252029,110189527
110314530,110252029
110377034,110314530
110439534,110377034
110502034,110439534
110564546,110502034
110627040,110564546
110689539,110627040
110752039,110689539
110814540,110752039
110877040,110814540
110939541,110877040
111002042,110939541
111064543,111002042
111127043,111064543
111189543,111127043
111252046,111189543
111314545,111252046
111377047,111314545
111439546,111377047
111502046,111439546
111564546,111502046
111627048,111564546
111689548,111627048
111752048,111689548
111814549,111752048
111877050,111814549
111939551,111877050
112002051,111939551
112064552,112002051
112127054,112064552
112189555,112127054
112252056,112189555
112314557,112252056
112377059,112314557
112439560,112377059
112502061,112439560
112564561,112502061
112627062,112564561
112689564,112627062
112752065,112689564
112814569,112752065
112877068,112814569
112939573,112877068
113002071,112939573
113064573,113002071
113127074,113064573
113189574,113127074
113252075,113189574
113314576,113252075
113377076,113314576
113439578,113377076
113502078,113439578
113564579,113502078
113627082,113564579
113689582,113627082
113752086,113689582
113814585,113752086
113877086,113814585
113939587,113877086
114002089,113939587
114064590,114002089
114127092,114064590
114189593,114127092
114252097,114189593
114314596,114252097
114377097,114314596
114439598,114377097
114502098,114439598
114564600,114502098
114627099,114564600
114689600,114627099
114752101,114689600
114814603,114752101
114877105,114814603
114939605,114877105
115002106,114939605
115064609,115002106
115127111,115064609
115189610,115127111
115252112,115189610
115314613,115252112
115377114,115314613
115439617,115377114
115502116,115439617
115564616,115502116
115627117,115564616
115689620,115627117
115752120,115689620
115814623,115752120
115877123,115814623
115939624,115877123
116002126,115939624
116064627,116002126
116127125,116064627
116189627,116127125
116252128,116189627
116314631,116252128
116377131,116314631
116439633,116377131
116502136,116439633
116564634,116502136
116627135,116564634
116689638,116627135
116752141,116689638
116814639,116752141
116877140,116814639
116939643,116877140
117002146,116939643
117064647,117002146
117127146,117064647
117189648,117127146
117252150,117189648
117314651,117252150
117377151,117314651
117439651,117377151
117502153,117439651
117564655,117502153
117627155,117564655
117689657,117627155
117752158,117689657
117814660,117752158
117877159,117814660
117939660,117877159
118002161,117939660
118064663,118002161
118127164,118064663
118189666,118127164
118252166,118189666
118314666,118252166
118377168,118314666
118439670,118377168
118502172,118439670
118564675,118502172
118627173,118564675
118689675,118627173
118752176,118689675
118814678,118752176
118877179,118814678
118939682,118877179
119002181,118939682
119064683,119002181
119127185,119064683
119189689,119127185
119252189,119189689
119314689,119252189
119377191,119314689
119439691,119377191
119502190,119439691
119564693,119502190
119627193,119564693
119689693,119627193
119752194,119689693
119814695,119752194
119877197,119814695
119939697,119877197
120002199,119939697
120064699,120002199
120127202,120064699
120189702,120127202
120252204,120189702
120314706,120252204
120377206,120314706
120439707,120377206
120502210,120439707
120564709,120502210
120627212,120564709
120689715,120627212
120752217,120689715
120814714,120752217
120877216,120814714
120939718,120877216
121002217,120939718
121064718,121002217
121127219,121064718
121189723,121127219
121252224,121189723
121314723,121252224
121377225,121314723
121439726,121377225
121502228,121439726
121564728,121502228
121627228,121564728
121689729,121627228
121752230,121689729
121814733,121752230
121877234,121814733
121939736,121877234
122002238,121939736
122064737,122002238
122127242,122064737
122189742,122127242
122252243,122189742
122314743,122252243
122377244,122314743
122439745,122377244
122502247,122439745
122564748,122502247
122627250,122564748
122689751,122627250
122752253,122689751
122814755,122752253
122877256,122814755
122939758,122877256
123002259,122939758
123064760,123002259
123127263,123064760
123189763,123127263
123252265,123189763
123314767,123252265
123377268,123314767
123439769,123377268
123502271,123439769
123564772,123502271
123627277,123564772
123689775,123627277
123752276,123689775
123814778,123752276
123877280,123814778
123939780,123877280
124002282,123939780
124064784,124002282
124127288,124064784
124189786,124127288
124252288,124189786
124314789,124252288
124377290,124314789
124439792,124377290
124502297,124439792
124564797,124502297
124627296,124564797
124689797,124627296
124752297,124689797
124814798,124752297
124877298,124814798
124939799,124877298
125002300,124939799
125064800,125002300
125127300,125064800
125189802,125127300
125252302,125189802
125314803,125252302
125377317,125314803
125439804,125377317
125502304,125439804
125564805,125502304
125627306,125564805
125689805,125627306
125752307,125689805
125814810,125752307
125877310,125814810
125939812,125877310
126002316,125939812
126064816,126002316
126127318,126064816
126189817,126127318
126252319,126189817
126314821,126252319
126377322,126314821
126439824,126377322
126502324,126439824
126564827,126502324
126627326,126564827
126689827,126627326
126752328,126689827
126814828,126752328
126877329,126814828
126939830,126877329
127002329,126939830
127064830,127002329
127127332,127064830
127189832,127127332
127252332,127189832
127314833,127252332
127377334,127314833
127439836,127377334
127502338,127439836
127564838,127502338
127627339,127564838
127689839,127627339
127752343,127689839
127814843,127752343
127877343,127814843
127939845,127877343
128002346,127939845
128064848,128002346
128127347,128064848
128189849,128127347
128252353,128189849
128314852,128252353
128377353,128314852
128439855,128377353
128502361,128439855
128564858,128502361
128627363,128564858
128689864,128627363
128752363,128689864
128814866,128752363
128877367,128814866
128939867,128877367
129002368,128939867
129064871,129002368
129127371,129064871
129189873,129127371
129252374,129189873
129314876,129252374
129377378,129314876
129439879,129377378
129502380,129439879
129564882,129502380
129627383,129564882
129689884,129627383
129752386,129689884
129814890,129752386
129877389,129814890
129939891,129877389
130002392,129939891
130064893,130002392
130127397,130064893
130189896,130127397
130252397,130189896
130314899,130252397
130377403,130314899
130439902,130377403
130502403,130439902
130564907,130502403
130627406,130564907
130689911,130627406
130752412,130689911
130814911,130752412
130877413,130814911
130939913,130877413
131002415,130939913
131064916,131002415
131127418,131064916
131189919,131127418
131252423,131189919
131314924,131252423
131377423,131314924
131439925,131377423
131502427,131439925
131564932,131502427
131627429,131564932
131689934,131627429
131752435,131689934
131814934,131752435
131877438,131814934
131939937,131877438
132002441,131939937
132064940,132002441
132127441,132064940
132189945,132127441
132252444,132189945
132314945,132252444
132377447,132314945
132439948,132377447
132564950,132439948
132627451,132564950
132689953,132627451
132752457,132689953
132877456,132752457
132939959,132877456
133002459,132939959
133127462,133002459
133189961,133127462
133252463,133189961
133314965,133252463
133439967,133314965
133502468,133439967
133564969,133502468
133627470,133564969
133752473,133627470
133814973,133752473
133877474,133814973
133939976,133877474
134064978,133939976
134127479,134064978
134189980,134127479
134314982,134189980
134377484,134314982
134439985,134377484
134502485,134439985
134564986,134502485
134689987,134564986
134752487,134689987
134814988,134752487
134877489,134814988
135002489,134877489
135064989,135002489
135127490,135064989
135252491,135127490
135314991,135252491
135377492,135314991
135439992,135377492
135564992,135439992
135627494,135564992
135689994,135627494
135752495,135689994
135814995,135752495
135877497,135814995
135939999,135877497
136002500,135939999
136065001,136002500
136127505,136065001
136190004,136127505
136252506,136190004
136315007,136252506
136377509,136315007
136440010,136377509
136502511,136440010
136565013,136502511
136627515,136565013
136690017,136627515
136752518,136690017
136815020,136752518
136877521,136815020
136940022,136877521
137002523,136940022
137065028,137002523
137127529,137065028
137190030,137127529
137252530,137190030
137315031,137252530
137377533,137315031
137440034,137377533
137502535,137440034
137565034,137502535
137627536,137565034
137690036,137627536
137752537,137690036
137815039,137752537
137877538,137815039
137940038,137877538
138002540,137940038
138065040,138002540
138127540,138065040
138190042,138127540
138252542,138190042
138315042,138252542
138377543,138315042
138440044,138377543
138502544,138440044
138565045,138502544
138627545,138565045
138690045,138627545
138752547,138690045
138815047,138752547
138877547,138815047
138940049,138877547
139002548,138940049
139065049,139002548
139127551,139065049
139190051,139127551
139252552,139190051
139315055,139252552
139377556,139315055
139440057,139377556
139502560,139440057
139565059,139502560
139627561,139565059
139690062,139627561
139752563,139690062
139815065,139752563
139877568,139815065
139940068,139877568
140002569,139940068
140065071,140002569
140127572,140065071
140190073,140127572
140252575,140190073
140315075,140252575
140377575,140315075
140440077,140377575
140502577,140440077
140565077,140502577
140627578,140565077
140690080,140627578
140752580,140690080
140815085,140752580
140877583,140815085
140940087,140877583
141002586,140940087
141065087,141002586
141127588,141065087
141190090,141127588
141252591,141190090
141315098,141252591
141377595,141315098
141440096,141377595
141502597,141440096
141565098,141502597
141627600,141565098
141690102,141627600
141752602,141690102
141815101,141752602
141877604,141815101
141940103,141877604
142002603,141940103
142065107,142002603
142127606,142065107
142190109,142127606
142252608,142190109
142315110,142252608
142377611,142315110
142440113,142377611
142502614,142440113
142565116,142502614
142627617,142565116
142690118,142627617
142752620,142690118
142815122,142752620
142877623,142815122
142940126,142877623
143002630,142940126
143065127,143002630
143127630,143065127
143190130,143127630
143252630,143190130
143315130,143252630
143377631,143315130
143440132,143377631
143502632,143440132
143565133,143502632
143627634,143565133
143690135,143627634
143752636,143690135
143815139,143752636
143877639,143815139
143940140,143877639
144002642,143940140
144065144,144002642
144127646,144065144
144190146,144127646
144252647,144190146
144315149,144252647
144377651,144315149
144440152,144377651
144502653,144440152
144565155,144502653
144627658,144565155
144690160,144627658
144752662,144690160
144815163,144752662
144877663,144815163
144940166,144877663
145002665,144940166
145065167,145002665
145127667,145065167
145190170,145127667
145252671,145190170
145315175,145252671
145377674,145315175
145440175,145377674
145502677,145440175
145565178,145502677
145627680,145565178
145690181,145627680
145752682,145690181
145815184,145752682
145877686,145815184
145940187,145877686
146002688,145940187
146065190,146002688
146127691,146065190
146190193,146127691
146252694,146190193
146315195,146252694
146377697,146315195
146440199,146377697
146502703,146440199
146565201,146502703
146627701,146565201
146690202,146627701
146752706,146690202
146815203,146752706
146877704,146815203
146940207,146877704
147002705,146940207
147065205,147002705
147127707,147065205
147190207,147127707
147252707,147190207
147315208,147252707
147377709,147315208
147440209,147377709
147502713,147440209
147565210,147502713
147627710,147565210
147690211,147627710
147752714,147690211
147815218,147752714
147877719,147815218
147940218,147877719
148002721,147940218
148065224,148002721
148127722,148065224
148190223,148127722
148252725,148190223
148315226,148252725
148377728,148315226
148440229,148377728
148502733,148440229
148565235,148502733
148627735,148565235
148690235,148627735
148752737,148690235
148815238,148752737
148877740,148815238
148940244,148877740
149002741,148940244
149065241,149002741
149127746,149065241
149190243,149127746
149252743,149190243
149315246,149252743
149377744,149315246
149440244,149377744
149502748,149440244
149565246,149502748
149627747,149565246
149690248,149627747
149752748,149690248
149815248,149752748
149877750,149815248
149940251,149877750
150002755,149940251
150065252,150002755
150127753,150065252
150190254,150127753
150252757,150190254
150315259,150252757
150377758,150315259
150440258,150377758
150502762,150440258
150565265,150502762
150627762,150565265
150690263,150627762
150752765,150690263
150815267,150752765
150877768,150815267
150940271,150877768
151002770,150940271
151065271,151002770
151127773,151065271
151190274,151127773
151252776,151190274
151315276,151252776
151377778,151315276
151440277,151377778
151502780,151440277
151565281,151502780
151627781,151565281
151690283,151627781
151752784,151690283
151815285,151752784
151877787,151815285
151940288,151877787
152002793,151940288
152065291,152002793
152127793,152065291
152190294,152127793
152252796,152190294
152315299,152252796
152377799,152315299
152440300,152377799
152502802,152440300
152565303,152502802
152627805,152565303
152690308,152627805
152752806,152690308
152815306,152752806
152877810,152815306
152940308,152877810
153002808,152940308
153065309,153002808
153127812,153065309
153190310,153127812
153252811,153190310
153315313,153252811
153377815,153315313
153440317,153377815
153502815,153440317
153565318,153502815
153627817,153565318
153690320,153627817
153752822,153690320
153815325,153752822
153877824,153815325
153940325,153877824
154002828,153940325
154065329,154002828
154127830,154065329
154190330,154127830
154252832,154190330
154315333,154252832
154377834,154315333
154440335,154377834
154502839,154440335
154565341,154502839
154627842,154565341
154690341,154627842
154752843,154690341
154815347,154752843
154877845,154815347
154940350,154877845
155002848,154940350
155065350,155002848
155127851,155065350
155190353,155127851
155252855,155190353
155315355,155252855
155377855,155315355
155440358,155377855
155502858,155440358
155565359,155502858
155627861,155565359
155690362,155627861
155752862,155690362
155815362,155752862
155877865,155815362
155940364,155877865
156002864,155940364
156065366,156002864
156127865,156065366
156190366,156127865
156252870,156190366
156315369,156252870
156377870,156315369
156440374,156377870
156502873,156440374
156565374,156502873
156627875,156565374
156690375,156627875
156752877,156690375
156815377,156752877
156877879,156815377
156940379,156877879
157002882,156940379
157065382,157002882
157127884,157065382
157190385,157127884
157252887,157190385
157315391,157252887
157377889,157315391
157440391,157377889
157502892,157440391
157565394,157502892
157627896,157565394
157690396,157627896
157752898,157690396
157815399,157752898
157877902,157815399
157940403,157877902
158002904,157940403
158065405,158002904
158127907,158065405
158190409,158127907
158252910,158190409
158315411,158252910
158377913,158315411
158440414,158377913
158502915,158440414
158565417,158502915
158627918,158565417
158690420,158627918
158752923,158690420
158815423,158752923
158877925,158815423
158940425,158877925
159002927,158940425
159065428,159002927
159127930,159065428
159190432,159127930
159252933,159190432
159315435,159252933
159377936,159315435
159440437,159377936
159502939,159440437
159565440,159502939
159627943,159565440
159690444,159627943
159752946,159690444
159815446,159752946
159877947,159815446
159940448,159877947
160002955,159940448
160065452,160002955
160127954,160065452
160190455,160127954
160252956,160190455
160315458,160252956
160377959,160315458
160440461,160377959
160502962,160440461
160565464,160502962
160627965,160565464
160690469,160627965
160752968,160690469
160815469,160752968
160877971,160815469
160940473,160877971
161002976,160940473
161065477,161002976
161127977,161065477
161190479,161127977
161252980,161190479
161315482,161252980
161377983,161315482
161440484,161377983
161565485,161440484
161627987,161565485
161690488,161627987
161815490,161690488
161877992,161815490
161940493,161877992
162002995,161940493
162127996,162002995
162190498,162127996
162252999,162190498
162315500,162252999
162440502,162315500
162503003,162440502
162565504,162503003
162628006,162565504
162753008,162628006
162815508,162753008
162878010,162815508
162940512,162878010
163065513,162940512
163128015,163065513
163190516,163128015
163315518,163190516
163378019,163315518
163440520,163378019
163503022,163440520
163628023,163503022
163690525,163628023
163753027,163690525
163815528,163753027
163940529,163815528
164003030,163940529
164065534,164003030
164128035,164065534
164253036,164128035
164315538,164253036
164378038,164315538
164440539,164378038
164565541,164440539
164628042,164565541
164690544,164628042
164753045,164690544
164878047,164753045
164940549,164878047
165003050,164940549
165065551,165003050
165190553,165065551
165253054,165190553
165315560,165253054
165378058,165315560
165503058,165378058
165565560,165503058
165628061,165565560
165753063,165628061
165815564,165753063
165878066,165815564
165940567,165878066
166065568,165940567
166128070,166065568
166190572,166128070
166315573,166190572
166378075,166315573
166440576,166378075
166503077,166440576
166628080,166503077
166690584,166628080
166753081,166690584
166815583,166753081
166940587,166815583
167003086,166940587
167065589,167003086
167128089,167065589
167253091,167128089
167315594,167253091
167378093,167315594
167440595,167378093
167565596,167440595
167628098,167565596
167690600,167628098
167753101,167690600
167878102,167753101
167940604,167878102
168003107,167940604
168065609,168003107
168190608,168065609
168253110,168190608
168315611,168253110
168440613,168315611
168503115,168440613
168565616,168503115
168628118,168565616
168753121,168628118
168815622,168753121
168878122,168815622
168940623,168878122
169065625,168940623
169128126,169065625
169190629,169128126
169315629,169190629
169378130,169315629
169440631,169378130
169503133,169440631
169628136,169503133
169690636,169628136
169753139,169690636
169878139,169753139
169940640,169878139
170003142,169940640
170128144,170003142
170190646,170128144
170253147,170190646
170315648,170253147
170378150,170315648
170503153,170378150
170565653,170503153
170628154,170565653
170690655,170628154
170815657,170690655
170878158,170815657
170940659,170878158
171065661,170940659
171128163,171065661
171190664,171128163
171253166,171190664
171378167,171253166
171440670,171378167
171503170,171440670
171565673,171503170
171690673,171565673
171753175,171690673
171815676,171753175
171940678,171815676
172003179,171940678
172065681,172003179
172128181,172065681
172253183,172128181
172315685,172253183
172378186,172315685
172440688,172378186
172565689,172440688
172628190,172565689
172690695,172628190
172815694,172690695
172878195,172815694
172940696,172878195
173065700,172940696
173128199,173065700
173190701,173128199
173253202,173190701
173378204,173253202
173440705,173378204
173503209,173440705
173565712,173503209
173690710,173565712
173753215,173690710
173815713,173753215
173878214,173815713
174003219,173878214
174065719,174003219
174128218,174065719
174190720,174128218
174315722,174190720
174378223,174315722
174440724,174378223
174565726,174440724
174628228,174565726
174690729,174628228
174815731,174690729
174878234,174815731
174940735,174878234
175003235,174940735
175128236,175003235
175190738,175128236
175253239,175190738
175378241,175253239
175440742,175378241
175503244,175440742
175565746,175503244
175690747,175565746
175753248,175690747
175815750,175753248
175940751,175815750
176003253,175940751
176065754,176003253
176128256,176065754
176253263,176128256
176315761,176253263
176378260,176315761
176503262,176378260
176565763,176503262
176628267,176565763
176690768,176628267
176815768,176690768
176878273,176815768
176940771,176878273
177003272,176940771
177128273,177003272
177190775,177128273
177253276,177190775
177315778,177253276
177440782,177315778
177503281,177440782
177565782,177503281
177690784,177565782
177753285,177690784
177815787,177753285
177940788,177815787
178003290,177940788
178065793,178003290
178128293,178065793
178253294,178128293
178315797,178253294
178378297,178315797
178503299,178378297
178565801,178503299
178628302,178565801
178690803,178628302
178815805,178690803
178878306,178815805
178940808,178878306
179003309,178940808
179128311,179003309
179190812,179128311
179253314,179190812
179315818,179253314
179440819,179315818
179503318,179440819
179565820,179503318
179690821,179565820
179753322,179690821
179815824,179753322
179940825,179815824
180003329,179940825
180065830,180003329
180128329,180065830
180253334,180128329
180315833,180253334
180378334,180315833
180440835,180378334
180565838,180440835
180628341,180565838
180690840,180628341
180753342,180690840
180878343,180753342
180940846,180878343
181003345,180940846
181128347,181003345
181190849,181128347
181253350,181190849
181315852,181253350
181440853,181315852
181503355,181440853
181565857,181503355
181628359,181565857
181753359,181628359
181815862,181753359
181878362,181815862
181940863,181878362
182065864,181940863
182128366,182065864
182190867,182128366
182253369,182190867
182378370,182253369
182440874,182378370
182503374,182440874
182565874,182503374
182690877,182565874
182753380,182690877
182815880,182753380
182878381,182815880
183003383,182878381
183065883,183003383
183128386,183065883
183253386,183128386
183315888,183253386
183378389,183315888
183440893,183378389
183565895,183440893
183628394,183565895
183690897,183628394
183815897,183690897
183878399,183815897
183940902,183878399
184003401,183940902
184128403,184003401
184190905,184128403
184253406,184190905
184315907,184253406
184440909,184315907
184503411,184440909
184565911,184503411
184628413,184565911
184753418,184628413
184815916,184753418
184878418,184815916
185003419,184878418
185065920,185003419
185128422,185065920
185253423,185128422
185315925,185253423
185378427,185315925
185440928,185378427
185565929,185440928
185628431,185565929
185690932,185628431
185815933,185690932
185878435,185815933
185940936,185878435
186003438,185940936
186128440,186003438
186190942,186128440
186253442,186190942
186315943,186253442
186440945,186315943
186503446,186440945
186565948,186503446
186628449,186565948
186753451,186628449
186815953,186753451
186878454,186815953
186940955,186878454
187003457,186940955
187128458,187003457
187190959,187128458
187253462,187190959
187315965,187253462
187440964,187315965
187503465,187440964
187565966,187503465
187628468,187565966
187753470,187628468
187815973,187753470
187878472,187815973
187940973,187878472
188065976,187940973
188128477,188065976
188190979,188128477
188253480,188190979
188378481,188253480
188440983,188378481
188503484,188440983
188565985,188503484
188690987,188565985
188753489,188690987
188815989,188753489
188878491,188815989
189003492,188878491
189065994,189003492
189128495,189065994
189190997,189128495
189316000,189190997
189378500,189316000
189441001,189378500
189503503,189441001
189628504,189503503
189691006,189628504
189753506,189691006
189816008,189753506
189941009,189816008
190003511,189941009
190066012,190003511
190128513,190066012
190253515,190128513
190316017,190253515
190378519,190316017
190441020,190378519
190566021,190441020
190628525,190566021
190691024,190628525
190753526,190691024
190878527,190753526
190941030,190878527
191003532,190941030
191066029,191003532
191128530,191066029
191191034,191128530
191316032,191191034
191378531,191316032
191441047,191378531
191503533,191441047
191628534,191503533
191691035,191628534
191753535,191691035
191816035,191753535
191941039,191816035
192003537,191941039
192066037,192003537
192128540,192066037
192253539,192128540
192316039,192253539
192378541,192316039
192441040,192378541
192503540,192441040
192566042,192503540
192628543,192566042
192691044,192628543
192753545,192691044
192816044,192753545
192878546,192816044
192941047,192878546
193003546,192941047
193066048,193003546
193128548,193066048
193191050,193128548
193253551,193191050
193316052,193253551
193378554,193316052
193441055,193378554
193503555,193441055
193566059,193503555
193628559,193566059
193691059,193628559
193753560,193691059
193816062,193753560
193878565,193816062
193941065,193878565
194003566,193941065
194066068,194003566
194128569,194066068
194191071,194128569
194253572,194191071
194316074,194253572
194378576,194316074
194441077,194378576
194503578,194441077
194566080,194503578
194628581,194566080
194691083,194628581
194753584,194691083
194816085,194753584
194878587,194816085
194941088,194878587
195003590,194941088
195066092,195003590
195128593,195066092
195191096,195128593
195253601,195191096
195316097,195253601
195378599,195316097
195441101,195378599
195503602,195441101
195566103,195503602
195628604,195566103
195691107,195628604
195753608,195691107
195816112,195753608
195878612,195816112
195941112,195878612
196003613,195941112
196066114,196003613
196128614,196066114
196191115,196128614
196253616,196191115
196316115,196253616
196378617,196316115
196441117,196378617
196503618,196441117
196566119,196503618
196628619,196566119
196691119,196628619
196753621,196691119
196816120,196753621
196878621,196816120
196941122,196878621
197003623,196941122
197066123,197003623
197128624,197066123
197191124,197128624
197253624,197191124
197316126,197253624
197378628,197316126
197441127,197378628
197503630,197441127
197566130,197503630
197628632,197566130
197691134,197628632
197753634,197691134
197816135,197753634
197878636,197816135
197941140,197878636
198003639,197941140
198066140,198003639
198128642,198066140
198191144,198128642
198253645,198191144
198316146,198253645
198378649,198316146
198441150,198378649
198503651,198441150
198566153,198503651
198628654,198566153
198691155,198628654
198753657,198691155
198816159,198753657
198878659,198816159
198941160,198878659
199003660,198941160
199066162,199003660
199128662,199066162
199191162,199128662
199253663,199191162
199316164,199253663
199378663,199316164
199441165,199378663
199503676,199441165
199566169,199503676
199628671,199566169
199691172,199628671
199753674,199691172
199816173,199753674
199878676,199816173
199941176,199878676
200003678,199941176
200066178,200003678
200128677,200066178
200191180,200128677
200253682,200191180
200316181,200253682
200378682,200316181
200441189,200378682
200503685,200441189
200566187,200503685
200628690,200566187
200691192,200628690
200753693,200691192
200816193,200753693
200878695,200816193
200941196,200878695
201003700,200941196
201066199,201003700
201128701,201066199
201191203,201128701
201253705,201191203
201316206,201253705
201378709,201316206
201441210,201378709
201503712,201441210
201566214,201503712
201628715,201566214
201691219,201628715
201753721,201691219
201816220,201753721
201878721,201816220
201941223,201878721
202003727,201941223
202066230,202003727
202128727,202066230
202191229,202128727
202253730,202191229
202316234,202253730
202378733,202316234
202441235,202378733
202503736,202441235
202566237,202503736
202628739,202566237
202691241,202628739
202753742,202691241
202816246,202753742
202878746,202816246
202941246,202878746
203003747,202941246
203066248,203003747
203128750,203066248
203191252,203128750
203253753,203191252
203316255,203253753
203378756,203316255
203441258,203378756
203503759,203441258
203566260,203503759
203628762,203566260
203691264,203628762
203753765,203691264
203816267,203753765
203878772,203816267
203941269,203878772
204003771,203941269
204066274,204003771
204128773,204066274
204253775,204128773
204316276,204253775
204378778,204316276
204441279,204378778
204566283,204441279
204628782,204566283
204691284,204628782
204753785,204691284
204878788,204753785
204941290,204878788
205003790,204941290
205066291,205003790
205128792,205066291
205253793,205128792
205316293,205253793
205378794,205316293
205441295,205378794
205566294,205441295
205628798,205566294
205691296,205628798
205753797,205691296
205878798,205753797
205941298,205878798
206003798,205941298
206128800,206003798
206191299,206128800
206253800,206191299
206316301,206253800
206441301,206316301
206503802,206441301
206566304,206503802
206628803,206566304
206691303,206628803
206753805,206691303
206816305,206753805
206878805,206816305
206941309,206878805
207003808,206941309
207066310,207003808
207128810,207066310
207191309,207128810
207253811,207191309
207316311,207253811
207378813,207316311
207441316,207378813
207503816,207441316
207566317,207503816
207628816,207566317
207691318,207628816
207753819,207691318
207816322,207753819
207878822,207816322
207941325,207878822
208003825,207941325
208066327,208003825
208128829,208066327
208191328,208128829
208253829,208191328
208316332,208253829
208378831,208316332
208441332,208378831
208503833,208441332
208566335,208503833
208628836,208566335
208691338,208628836
208753839,208691338
208816339,208753839
208878842,208816339
208941341,208878842
209003843,208941341
209066344,209003843
209128845,209066344
209191347,209128845
209253849,209191347
209316348,209253849
209378852,209316348
209441353,209378852
209503852,209441353
209566352,209503852
209628854,209566352
209691355,209628854
209753855,209691355
209816357,209753855
209878858,209816357
209941362,209878858
210003860,209941362
210066364,210003860
210128864,210066364
210191365,210128864
210253869,210191365
210316368,210253869
210378870,210316368
210441371,210378870
210503872,210441371
210566377,210503872
210628878,210566377
210691377,210628878
210753880,210691377
210816380,210753880
210878881,210816380
210941382,210878881
211003884,210941382
211066385,211003884
211128887,211066385
211191387,211128887
211253887,211191387
211316390,211253887
211378889,211316390
211441392,211378889
211503890,211441392
211566390,211503890
211628891,211566390
211691400,211628891
211753893,211691400
211816394,211753893
211878898,211816394
211941399,211878898
212003900,211941399
212066401,212003900
212128902,212066401
212191402,212128902
212253903,212191402
212316405,212253903
212378906,212316405
212441408,212378906
212503909,212441408
212566411,212503909
212628912,212566411
212691414,212628912
212753916,212691414
212816416,212753916
212878918,212816416
212941420,212878918
213003921,212941420
213066423,213003921
213128924,213066423
213191426,213128924
213253927,213191426
213316428,213253927
213378932,213316428
213441433,213378932
213503933,213441433
213566434,213503933
213628938,213566434
213691437,213628938
213753941,213691437
213816440,213753941
213878941,213816440
213941443,213878941
214003944,213941443
214066448,214003944
214128947,214066448
214191448,214128947
214253951,214191448
214316451,214253951
214378953,214316451
214441455,214378953
214503956,214441455
214566457,214503956
214628958,214566457
214691460,214628958
214753961,214691460
214816465,214753961
214878966,214816465
214941464,214878966
215003965,214941464
215066468,215003965
215128966,215066468
215191466,215128966
215253968,215191466
215316469,215253968
215378969,215316469
215441472,215378969
215503973,215441472
215566473,215503973
215628976,215566473
215691476,215628976
215753979,215691476
215816478,215753979
215878980,215816478
215941480,215878980
216003980,215941480
216066482,216003980
216128982,216066482
216191483,216128982
216253983,216191483
216316484,216253983
216378984,216316484
216441485,216378984
216503986,216441485
216566486,216503986
216628987,216566486
216691487,216628987
216753987,216691487
216816489,216753987
216878989,216816489
216941491,216878989
217003991,216941491
217066494,217003991
217128995,217066494
217191494,217128995
217253995,217191494
217316497,217253995
217378999,217316497
217441501,217378999
217504002,217441501
217566504,217504002
217629008,217566504
217691506,217629008
217754007,217691506
217816510,217754007
217879013,217816510
217941512,217879013
218004014,217941512
218066515,218004014
218129017,218066515
218191518,218129017
218254020,218191518
218316521,218254020
218379022,218316521
218441524,218379022
218504025,218441524
218566526,218504025
218629028,218566526
218691530,218629028
218754031,218691530
218816532,218754031
218879034,218816532
218941535,218879034
219004036,218941535
219066538,219004036
219129040,219066538
219191542,219129040
219254043,219191542
219316544,219254043
219379048,219316544
219441548,219379048
219504052,219441548
219566550,219504052
219629052,219566550
219691553,219629052
219754057,219691553
219816557,219754057
219879057,219816557
219941562,219879057
220004061,219941562
220066562,220004061
220129064,220066562
220191565,220129064
220254066,220191565
220316570,220254066
220379071,220316570
220441572,220379071
220504072,220441572
220566574,220504072
220629076,220566574
220691577,220629076
220754078,220691577
220816580,220754078
220879081,220816580
220941583,220879081
221004084,220941583
221066586,221004084
221129088,221066586
221191589,221129088
221254090,221191589
221316592,221254090
221379093,221316592
221441594,221379093
221504097,221441594
221629097,221504097
221691599,221629097
221754101,221691599
221816602,221754101
221941604,221816602
222004104,221941604
222066606,222004104
222191608,222066606
222254109,222191608
222316611,222254109
222379112,222316611
222504114,222379112
222566615,222504114
222629117,222566615
222691616,222629117
222816617,222691616
222879124,222816617
222941619,222879124
223004119,222941619
223129120,223004119
223191620,223129120
223254120,223191620
223379122,223254120
223441622,223379122
223504122,223441622
223566623,223504122
223691624,223566623
223754124,223691624
223816629,223754124
223879125,223816629
223941626,223879125
224004128,223941626
224066627,224004128
224129128,224066627
224191631,224129128
224254132,224191631
224316630,224254132
224379131,224316630
224441631,224379131
224504131,224441631
224566632,224504131
224629133,224566632
224691635,224629133
224754135,224691635
224816638,224754135
224879138,224816638
224941639,224879138
225004140,224941639
225066643,225004140
225129141,225066643
225191646,225129141
225254145,225191646
225316646,225254145
225379150,225316646
225441652,225379150
225504151,225441652
225566652,225504151
